rental_id,date,start_hour,start_station,demand_level,actual_demand,predicted_demand,predicted_demand_level
R16980,2026-05-26,7,Academic Block,Low,1,1.109711845125334,Low
R11588,2026-05-26,8,Academic Block,Medium,2,1.891413408997442,Medium
R16804,2026-05-26,9,Academic Block,Medium,2,1.957873416842822,Medium
R29875,2026-05-26,10,Academic Block,Low,1,1.124895155095423,Low
R12223,2026-05-26,11,Academic Block,Low,1,1.0950099313160089,Low
R22555,2026-05-26,13,Academic Block,Low,1,1.0906041908792734,Low
R17269,2026-05-26,14,Academic Block,Low,1,1.0216630867119958,Low
R20236,2026-05-26,16,Academic Block,Low,1,1.13420243295711,Low
R27672,2026-05-26,17,Academic Block,Medium,2,1.93120952557127,Medium
R19574,2026-05-26,17,Academic Block,Low,1,1.8981079185109277,Medium
R19991,2026-05-26,17,Academic Block,Medium,2,1.9859121031832523,Medium
R22910,2026-05-26,18,Academic Block,Low,1,1.8632909659488126,Medium
R19211,2026-05-26,18,Academic Block,Medium,2,1.9160601945774252,Medium
R16478,2026-05-26,19,Academic Block,Medium,2,1.9125163607738969,Medium
R23580,2026-05-26,19,Academic Block,Low,1,1.893711526390843,Medium
R14807,2026-05-26,20,Academic Block,Low,1,1.306081808321549,Low
R26092,2026-05-26,20,Academic Block,Low,1,1.1995382334734064,Low
R10893,2026-05-26,22,Academic Block,Low,1,1.0001470588235295,Low
R28585,2026-05-26,22,Academic Block,Low,1,1.000221685689201,Low
R24390,2026-05-27,6,Academic Block,Low,1,1.0001041666666668,Low
R12968,2026-05-27,7,Academic Block,Low,1,1.125539273464327,Low
R22954,2026-05-27,7,Academic Block,Low,1,1.1662626868779062,Low
R13122,2026-05-27,8,Academic Block,High,3,1.971628772395652,Medium
R22317,2026-05-27,8,Academic Block,Medium,2,2.070653472563274,Medium
R13211,2026-05-27,9,Academic Block,Medium,2,2.0141411344314317,Medium
R21598,2026-05-27,11,Academic Block,Low,1,1.0008615049854683,Low
R10256,2026-05-27,12,Academic Block,Low,1,1.016282717155017,Low
R13581,2026-05-27,13,Academic Block,Medium,2,1.002154347664982,Low
R18709,2026-05-27,15,Academic Block,Low,1,1.015946293672294,Low
R27580,2026-05-27,15,Academic Block,Low,1,1.0036283679475144,Low
R26935,2026-05-27,16,Academic Block,Medium,2,1.2121132037664952,Low
R10820,2026-05-27,17,Academic Block,High,3,1.9119592527618243,Medium
R12743,2026-05-27,18,Academic Block,Medium,2,1.79627238100094,Medium
R12224,2026-05-27,18,Academic Block,Low,1,1.9257791234946973,Medium
R16437,2026-05-27,18,Academic Block,Low,1,1.9176115096584823,Medium
R11608,2026-05-27,18,Academic Block,Low,1,1.944762409567926,Medium
R28366,2026-05-27,22,Academic Block,Low,1,1.0001470588235295,Low
R21739,2026-05-28,5,Academic Block,Low,1,1.2798809523809522,Low
R24194,2026-05-28,6,Academic Block,Low,1,1.035086681547619,Low
R17055,2026-05-28,9,Academic Block,Medium,2,1.8504547435017356,Medium
R27950,2026-05-28,20,Academic Block,Low,1,1.3934813355819657,Low
R28168,2026-05-29,7,Academic Block,Low,1,1.2680997886895347,Low
R12407,2026-05-29,7,Academic Block,Medium,2,1.2586750761262342,Low
R27966,2026-05-29,7,Academic Block,Medium,2,1.2656275133799146,Low
R10651,2026-05-29,8,Academic Block,Medium,2,1.883816985001111,Medium
R22839,2026-05-29,8,Academic Block,Medium,2,1.9707041016193867,Medium
R14105,2026-05-29,8,Academic Block,Medium,2,1.8857905659524195,Medium
R12493,2026-05-29,10,Academic Block,Low,1,1.1588791588624077,Low
R19826,2026-05-29,10,Academic Block,Low,1,1.1576975685559765,Low
R19469,2026-05-29,11,Academic Block,Low,1,1.0257520615225042,Low
R18771,2026-05-29,13,Academic Block,Low,1,1.047663465973982,Low
R25413,2026-05-29,13,Academic Block,Low,1,1.0158851610163442,Low
R14818,2026-05-29,14,Academic Block,Low,1,1.0643676098941424,Low
R18486,2026-05-29,14,Academic Block,Low,1,1.0724544320990572,Low
R22164,2026-05-29,16,Academic Block,Medium,2,1.3877788697087587,Low
R21670,2026-05-29,16,Academic Block,Medium,2,1.381860804677139,Low
R24624,2026-05-29,17,Academic Block,Medium,2,1.9562309627963412,Medium
R11413,2026-05-29,17,Academic Block,Medium,2,1.9221715788479756,Medium
R23143,2026-05-29,19,Academic Block,Medium,2,1.8952379459141115,Medium
R27848,2026-05-29,23,Academic Block,Low,1,1.2608516042780749,Low
R14953,2026-05-30,3,Academic Block,Low,1,1.001513157894737,Low
R22832,2026-05-30,6,Academic Block,Low,1,1.0,Low
R22212,2026-05-30,8,Academic Block,Medium,2,1.2767393334767716,Low
R19350,2026-05-30,9,Academic Block,Low,1,1.213771317544875,Low
R26487,2026-05-30,10,Academic Block,Low,1,1.0224081619127494,Low
R14523,2026-05-30,13,Academic Block,Low,1,1.0,Low
R20456,2026-05-30,13,Academic Block,Low,1,1.000041806020067,Low
R29286,2026-05-30,17,Academic Block,Low,1,1.3522805430496512,Low
R16193,2026-05-30,18,Academic Block,Low,1,1.2193477420576126,Low
R12356,2026-05-30,19,Academic Block,Medium,2,1.2031062630507214,Low
R25696,2026-05-30,19,Academic Block,Low,1,1.2674056884452836,Low
R23615,2026-05-30,21,Academic Block,Low,1,1.0,Low
R28666,2026-05-31,0,Academic Block,Low,1,1.0002015817901235,Low
R10238,2026-05-31,7,Academic Block,Low,1,1.0,Low
R12017,2026-05-31,7,Academic Block,Low,1,1.0,Low
R24376,2026-05-31,8,Academic Block,Low,1,1.1422330759503092,Low
R25674,2026-05-31,9,Academic Block,Medium,2,1.1091368382605746,Low
R15373,2026-05-31,9,Academic Block,Low,1,1.210639711826057,Low
R19085,2026-05-31,12,Academic Block,Low,1,1.0,Low
R22920,2026-05-31,13,Academic Block,Low,1,1.0,Low
R26060,2026-05-31,15,Academic Block,Low,1,1.0,Low
R14217,2026-05-31,15,Academic Block,Low,1,1.0,Low
R28426,2026-05-31,18,Academic Block,Low,1,1.2329997750398813,Low
R18407,2026-05-31,19,Academic Block,Low,1,1.294432562846791,Low
R26343,2026-05-31,20,Academic Block,Low,1,1.0,Low
R22863,2026-05-31,21,Academic Block,Low,1,1.0,Low
R21072,2026-05-31,23,Academic Block,Low,1,1.0,Low
R26482,2026-06-01,5,Academic Block,Low,1,1.0001041666666668,Low
R16416,2026-06-01,8,Academic Block,Low,1,2.0110890036328484,Medium
R12827,2026-06-01,8,Academic Block,Medium,2,1.8903701140337017,Medium
R23634,2026-06-01,10,Academic Block,Medium,2,1.135514897820122,Low
R24700,2026-06-01,10,Academic Block,Low,1,1.1527379016366668,Low
R16090,2026-06-01,10,Academic Block,Low,1,1.1816973567850897,Low
R18941,2026-06-01,11,Academic Block,Low,1,1.0141935901239094,Low
R22907,2026-06-01,12,Academic Block,Low,1,1.014851965046818,Low
R19568,2026-06-01,13,Academic Block,Low,1,1.0279868632657496,Low
R22886,2026-06-01,14,Academic Block,Low,1,1.008136771975711,Low
R26627,2026-06-01,15,Academic Block,Low,1,1.0667821569144174,Low
R23247,2026-06-01,15,Academic Block,Low,1,1.071768814595923,Low
R23791,2026-06-01,16,Academic Block,Medium,2,1.2511984681616701,Low
R20002,2026-06-01,16,Academic Block,Medium,2,1.1730651975213204,Low
R26971,2026-06-01,17,Academic Block,Medium,2,1.865426049602675,Medium
R22933,2026-06-01,17,Academic Block,Medium,2,1.7926568535344523,Medium
R10176,2026-06-01,17,Academic Block,Medium,2,1.9084550536899574,Medium
R10531,2026-06-01,18,Academic Block,Low,1,1.8674210246642486,Medium
R11523,2026-06-02,7,Academic Block,Low,1,1.1605666607177298,Low
R27067,2026-06-02,10,Academic Block,Low,1,1.1117132988016516,Low
R19754,2026-06-02,10,Academic Block,Low,1,1.1978665123718821,Low
R18553,2026-06-02,15,Academic Block,Low,1,1.0050171081798727,Low
R12955,2026-06-02,16,Academic Block,Medium,2,1.1353420655534874,Low
R16522,2026-06-02,17,Academic Block,Medium,2,1.984304729564602,Medium
R21362,2026-06-02,18,Academic Block,Medium,2,1.93953594594626,Medium
R12606,2026-06-02,19,Academic Block,Medium,2,1.976627884485935,Medium
R27635,2026-06-02,19,Academic Block,Medium,2,1.9709720671109003,Medium
R14438,2026-06-02,20,Academic Block,Medium,2,1.1995578278431727,Low
R26045,2026-06-03,6,Academic Block,Low,1,1.0184954117063492,Low
R28756,2026-06-03,8,Academic Block,Medium,2,1.890728473586065,Medium
R16896,2026-06-03,8,Academic Block,Medium,2,1.9352644055860124,Medium
R17897,2026-06-03,8,Academic Block,Low,1,1.987544765543173,Medium
R10951,2026-06-03,9,Academic Block,Medium,2,2.074475901554074,Medium
R12936,2026-06-03,9,Academic Block,Medium,2,1.8893684043630607,Medium
R23051,2026-06-03,9,Academic Block,Medium,2,1.9342703737937574,Medium
R13549,2026-06-03,9,Academic Block,Medium,2,1.779212439135199,Medium
R29946,2026-06-03,10,Academic Block,Low,1,1.2259978250025534,Low
R21320,2026-06-03,11,Academic Block,Low,1,1.0058852788837473,Low
R22435,2026-06-03,13,Academic Block,Low,1,1.004245870198414,Low
R29134,2026-06-03,13,Academic Block,Low,1,1.0154499004395294,Low
R20739,2026-06-03,14,Academic Block,Low,1,1.0128653544767272,Low
R10750,2026-06-03,14,Academic Block,Low,1,1.0074790723203397,Low
R24020,2026-06-03,18,Academic Block,Medium,2,1.9041217476186063,Medium
R13721,2026-06-03,18,Academic Block,Medium,2,1.9265106646726498,Medium
R25401,2026-06-03,22,Academic Block,Low,1,1.0053732008407161,Low
R17031,2026-06-03,23,Academic Block,Low,1,1.0210095644770798,Low
R16273,2026-06-04,7,Academic Block,Low,1,1.108237805289971,Low
R19358,2026-06-04,9,Academic Block,Medium,2,1.9198854788258368,Medium
R25625,2026-06-04,10,Academic Block,Medium,2,1.1702183043742378,Low
R23071,2026-06-04,10,Academic Block,Low,1,1.098159380506996,Low
R19388,2026-06-04,13,Academic Block,Low,1,1.028782435967062,Low
R17896,2026-06-04,14,Academic Block,Low,1,1.0106483848555876,Low
R29229,2026-06-04,15,Academic Block,Low,1,1.0144997504519404,Low
R16938,2026-06-04,16,Academic Block,Medium,2,1.1656215901012967,Low
R29843,2026-06-04,17,Academic Block,Medium,2,1.8970923660015961,Medium
R17777,2026-06-04,17,Academic Block,Medium,2,1.881487779351456,Medium
R10838,2026-06-04,17,Academic Block,Medium,2,1.9829913433084427,Medium
R24236,2026-06-04,17,Academic Block,Medium,2,1.8892105723085506,Medium
R18048,2026-06-04,18,Academic Block,Medium,2,1.8891808007258015,Medium
R25950,2026-06-04,18,Academic Block,Medium,2,1.9548365543512793,Medium
R26018,2026-06-04,19,Academic Block,Low,1,1.8918910835201357,Medium
R24077,2026-06-04,20,Academic Block,Low,1,1.1893274844348856,Low
R27885,2026-06-04,20,Academic Block,Low,1,1.2519979731264241,Low
R12116,2026-06-05,8,Academic Block,Low,1,1.8798954132944932,Medium
R17317,2026-06-05,8,Academic Block,Medium,2,1.940088565317158,Medium
R18789,2026-06-05,10,Academic Block,Low,1,1.2762111057265315,Low
R17692,2026-06-05,10,Academic Block,Medium,2,1.13652672431471,Low
R14817,2026-06-05,11,Academic Block,Low,1,1.0264656004161337,Low
R25795,2026-06-05,12,Academic Block,Low,1,1.005576139876092,Low
R28248,2026-06-05,12,Academic Block,Low,1,1.005576139876092,Low
R22748,2026-06-05,12,Academic Block,Low,1,1.0077474576052619,Low
R13026,2026-06-05,16,Academic Block,Low,1,1.2844988327357099,Low
R19773,2026-06-05,17,Academic Block,Medium,2,1.9820929779133405,Medium
R18732,2026-06-05,18,Academic Block,Medium,2,1.9689173912366085,Medium
R15272,2026-06-05,20,Academic Block,Low,1,1.1915518206656461,Low
R11660,2026-06-05,22,Academic Block,Low,1,1.0001470588235295,Low
R27041,2026-06-06,0,Academic Block,Low,1,1.0,Low
R16515,2026-06-06,0,Academic Block,Low,1,1.0052015817901236,Low
R12156,2026-06-06,7,Academic Block,Low,1,1.0,Low
R10690,2026-06-06,9,Academic Block,Medium,2,1.0930583438641914,Low
R22590,2026-06-06,9,Academic Block,Medium,2,1.171970758903142,Low
R11703,2026-06-06,10,Academic Block,Low,1,1.0228983514326953,Low
R20388,2026-06-06,11,Academic Block,Low,1,1.0,Low
R10086,2026-06-06,12,Academic Block,Low,1,1.0,Low
R21252,2026-06-06,13,Academic Block,Low,1,1.0,Low
R27944,2026-06-06,14,Academic Block,Low,1,1.0,Low
R18396,2026-06-06,14,Academic Block,Low,1,1.0,Low
R19285,2026-06-06,14,Academic Block,Low,1,1.0,Low
R16201,2026-06-06,15,Academic Block,Low,1,1.0,Low
R13418,2026-06-06,17,Academic Block,Low,1,1.1798955343898703,Low
R28743,2026-06-06,17,Academic Block,Low,1,1.138894925303093,Low
R29769,2026-06-06,17,Academic Block,Low,1,1.2150867460410149,Low
R13893,2026-06-06,22,Academic Block,Low,1,1.0,Low
R13758,2026-06-06,22,Academic Block,Low,1,1.0,Low
R11657,2026-06-07,3,Academic Block,Low,1,1.005,Low
R21898,2026-06-07,7,Academic Block,Low,1,1.0,Low
R26460,2026-06-07,9,Academic Block,Low,1,1.1520559387154,Low
R21318,2026-06-07,9,Academic Block,Low,1,1.1672768245588663,Low
R12612,2026-06-07,11,Academic Block,Low,1,1.0,Low
R24714,2026-06-07,13,Academic Block,Low,1,1.0,Low
R27380,2026-06-07,15,Academic Block,Low,1,1.0,Low
R17306,2026-06-07,16,Academic Block,Low,1,1.005,Low
R23772,2026-06-07,16,Academic Block,Low,1,1.005,Low
R12833,2026-06-07,17,Academic Block,Low,1,1.1606206746548577,Low
R10021,2026-06-07,17,Academic Block,Low,1,1.1690288759077323,Low
R13638,2026-06-07,19,Academic Block,Low,1,1.1661037643843035,Low
R16116,2026-06-07,19,Academic Block,Low,1,1.2055393675731578,Low
R13315,2026-06-07,19,Academic Block,Low,1,1.2050469839776115,Low
R23408,2026-06-07,20,Academic Block,Low,1,1.0,Low
R13677,2026-06-07,20,Academic Block,Low,1,1.0,Low
R18566,2026-06-08,6,Academic Block,Low,1,1.0001041666666668,Low
R24581,2026-06-08,7,Academic Block,Low,1,1.3411613589713849,Low
R29936,2026-06-08,7,Academic Block,Low,1,1.5023129149606873,Medium
R18511,2026-06-08,8,Academic Block,Medium,2,1.8358564157454587,Medium
R12741,2026-06-08,10,Academic Block,Low,1,1.1221768210683174,Low
R23913,2026-06-08,11,Academic Block,Low,1,1.0086727567905762,Low
R24642,2026-06-08,12,Academic Block,Low,1,1.1547339739803313,Low
R24239,2026-06-08,13,Academic Block,Low,1,1.0184710667972612,Low
R20635,2026-06-08,13,Academic Block,Low,1,1.0136155237953517,Low
R29486,2026-06-08,16,Academic Block,Low,1,1.2814348959800685,Low
R15441,2026-06-08,17,Academic Block,Medium,2,1.7783058456627736,Medium
R12178,2026-06-08,18,Academic Block,Medium,2,1.8816072687032062,Medium
R17694,2026-06-08,18,Academic Block,Medium,2,1.9331109155717257,Medium
R24125,2026-06-08,19,Academic Block,Medium,2,1.8839676683190227,Medium
R18250,2026-06-08,19,Academic Block,Medium,2,1.8558901804373764,Medium
R29169,2026-06-08,20,Academic Block,Low,1,1.4231288422722386,Low
R17737,2026-06-09,7,Academic Block,Low,1,1.5472974717690542,Medium
R26970,2026-06-09,8,Academic Block,Medium,2,2.063732636287557,Medium
R14678,2026-06-09,8,Academic Block,Medium,2,1.848814371598562,Medium
R15037,2026-06-09,9,Academic Block,Medium,2,1.9072505053840656,Medium
R13400,2026-06-09,9,Academic Block,High,3,1.890585859075805,Medium
R11832,2026-06-09,13,Academic Block,Low,1,1.0077876764152216,Low
R12594,2026-06-09,13,Academic Block,Low,1,1.008160172074803,Low
R15474,2026-06-09,16,Academic Block,Medium,2,1.466407603471014,Low
R12238,2026-06-09,17,Academic Block,Low,1,1.9604153470179457,Medium
R25717,2026-06-09,18,Academic Block,Medium,2,1.954923696499171,Medium
R12282,2026-06-09,18,Academic Block,Medium,2,1.986297663013216,Medium
R12533,2026-06-09,20,Academic Block,Low,1,1.4274923512804076,Low
R29866,2026-06-10,6,Academic Block,Low,1,1.0000390625,Low
R24633,2026-06-10,8,Academic Block,Medium,2,1.971733718167869,Medium
R17023,2026-06-10,9,Academic Block,Medium,2,1.948150719495831,Medium
R10229,2026-06-10,9,Academic Block,Medium,2,1.89732872699762,Medium
R18369,2026-06-10,15,Academic Block,Low,1,1.0188655069746377,Low
R18512,2026-06-10,16,Academic Block,Low,1,1.191765423395419,Low
R18962,2026-06-10,17,Academic Block,Medium,2,2.094175187329102,Medium
R21717,2026-06-10,17,Academic Block,Medium,2,2.0848401170661,Medium
R23274,2026-06-10,18,Academic Block,Medium,2,1.9734222134710924,Medium
R13323,2026-06-10,22,Academic Block,Low,1,1.005,Low
R24850,2026-06-11,8,Academic Block,Low,1,1.8955138701615295,Medium
R16079,2026-06-11,9,Academic Block,Medium,2,1.8398908741177087,Medium
R11003,2026-06-11,14,Academic Block,Low,1,1.0059097079060673,Low
R22549,2026-06-11,15,Academic Block,Low,1,1.009028428507519,Low
R26127,2026-06-11,16,Academic Block,Low,1,1.257179413481061,Low
R27005,2026-06-11,16,Academic Block,Low,1,1.1520369218848574,Low
R15403,2026-06-11,17,Academic Block,Medium,2,2.0075526865063695,Medium
R13037,2026-06-11,17,Academic Block,High,3,1.9081693303604175,Medium
R13483,2026-06-11,18,Academic Block,Medium,2,1.8851042511887866,Medium
R22622,2026-06-11,19,Academic Block,Medium,2,2.0506095073769854,Medium
R21208,2026-06-12,0,Academic Block,Low,1,1.1116855959193293,Low
R10100,2026-06-12,6,Academic Block,Low,1,1.0034124599358976,Low
R27992,2026-06-12,7,Academic Block,Low,1,1.0931963276585437,Low
R26183,2026-06-12,8,Academic Block,Medium,2,2.0923170624133216,Medium
R12836,2026-06-12,9,Academic Block,Medium,2,2.025041978725273,Medium
R10101,2026-06-12,9,Academic Block,High,3,2.0759750820656437,Medium
R24383,2026-06-12,9,Academic Block,Medium,2,1.8658274819836165,Medium
R15947,2026-06-12,9,Academic Block,Medium,2,1.8094053424535963,Medium
R24217,2026-06-12,10,Academic Block,Low,1,1.3233726277695843,Low
R11552,2026-06-12,11,Academic Block,Low,1,1.0695708522011098,Low
R23721,2026-06-12,13,Academic Block,Low,1,1.0377994637217933,Low
R17424,2026-06-12,14,Academic Block,Low,1,1.0137595897561118,Low
R15327,2026-06-12,14,Academic Block,Low,1,1.0084036267961034,Low
R24210,2026-06-12,19,Academic Block,Medium,2,2.008977207424182,Medium
R11951,2026-06-12,21,Academic Block,Low,1,1.0002261420171867,Low
R12225,2026-06-13,8,Academic Block,Low,1,1.5026543018462954,Medium
R11911,2026-06-13,12,Academic Block,Low,1,1.000041806020067,Low
R17679,2026-06-13,13,Academic Block,Low,1,1.0,Low
R10654,2026-06-13,16,Academic Block,Low,1,1.0,Low
R24126,2026-06-13,16,Academic Block,Low,1,1.0,Low
R28890,2026-06-13,16,Academic Block,Low,1,1.0,Low
R25614,2026-06-13,17,Academic Block,Low,1,1.1098948205381842,Low
R23931,2026-06-13,19,Academic Block,Low,1,1.1218007433960677,Low
R16045,2026-06-13,20,Academic Block,Low,1,1.0,Low
R26380,2026-06-13,21,Academic Block,Low,1,1.0,Low
R22197,2026-06-14,8,Academic Block,Medium,2,1.2758353628904464,Low
R24332,2026-06-14,10,Academic Block,Low,1,1.0023312819416448,Low
R15494,2026-06-14,10,Academic Block,Low,1,1.0239644702326105,Low
R29531,2026-06-14,10,Academic Block,Low,1,1.0507119076962201,Low
R18954,2026-06-14,11,Academic Block,Low,1,1.0,Low
R14596,2026-06-14,15,Academic Block,Low,1,1.0,Low
R15801,2026-06-14,18,Academic Block,Medium,2,1.312440136135014,Low
R16015,2026-06-14,20,Academic Block,Low,1,1.0,Low
R14362,2026-06-15,6,Academic Block,Low,1,1.2,Low
R27713,2026-06-15,8,Academic Block,Medium,2,1.9618038461935918,Medium
R10269,2026-06-15,8,Academic Block,Low,1,2.004881493983161,Medium
R14970,2026-06-15,9,Academic Block,Medium,2,1.9360785909252158,Medium
R15302,2026-06-15,12,Academic Block,Low,1,1.0526187683927883,Low
R18726,2026-06-15,12,Academic Block,Low,1,1.0012076601813993,Low
R11221,2026-06-15,12,Academic Block,Low,1,1.0010703069892346,Low
R11936,2026-06-15,13,Academic Block,Low,1,1.0077266393920012,Low
R19491,2026-06-15,13,Academic Block,Low,1,1.0027871810051763,Low
R25002,2026-06-15,14,Academic Block,Low,1,1.002633374498657,Low
R19172,2026-06-15,15,Academic Block,Low,1,1.0020460258192194,Low
R18388,2026-06-15,15,Academic Block,Low,1,1.003665635596589,Low
R29928,2026-06-15,16,Academic Block,Low,1,1.2047613637028156,Low
R18382,2026-06-15,17,Academic Block,High,3,1.9853955227171567,Medium
R23717,2026-06-15,17,Academic Block,Medium,2,1.9929498156793548,Medium
R18470,2026-06-15,17,Academic Block,Medium,2,2.002778692453343,Medium
R26788,2026-06-15,17,Academic Block,Medium,2,1.9834591938552537,Medium
R17542,2026-06-15,18,Academic Block,Medium,2,1.9846205520961542,Medium
R24526,2026-06-15,18,Academic Block,Medium,2,2.0546743844474813,Medium
R28159,2026-06-15,20,Academic Block,Low,1,1.258848469119056,Low
R23684,2026-06-15,20,Academic Block,Low,1,1.2183656058016168,Low
R26695,2026-06-15,20,Academic Block,Low,1,1.207775757943916,Low
R14888,2026-06-15,22,Academic Block,Low,1,1.0001470588235295,Low
R19547,2026-06-16,7,Academic Block,Low,1,1.4021700348054333,Low
R21904,2026-06-16,9,Academic Block,Medium,2,1.9091189016766104,Medium
R27174,2026-06-16,9,Academic Block,Medium,2,1.9373484777791505,Medium
R18348,2026-06-16,10,Academic Block,Low,1,1.1474571096955868,Low
R22928,2026-06-16,10,Academic Block,Medium,2,1.1189874694655417,Low
R27562,2026-06-16,12,Academic Block,Low,1,1.0036229477269976,Low
R26370,2026-06-16,13,Academic Block,Low,1,1.0060278342095623,Low
R24880,2026-06-16,13,Academic Block,Low,1,1.0059273399560897,Low
R29379,2026-06-16,14,Academic Block,Low,1,1.0013334595114534,Low
R27432,2026-06-16,17,Academic Block,Medium,2,1.9373143433698288,Medium
R12961,2026-06-16,17,Academic Block,Medium,2,2.0021366648818,Medium
R18846,2026-06-16,17,Academic Block,High,3,1.9281989939259134,Medium
R20630,2026-06-16,18,Academic Block,Medium,2,1.7623172940227376,Medium
R26405,2026-06-16,21,Academic Block,Low,1,1.0,Low
R18805,2026-06-17,6,Academic Block,Low,1,1.2832142857142856,Low
R21273,2026-06-17,7,Academic Block,Low,1,1.1561528329462425,Low
R17622,2026-06-17,7,Academic Block,Low,1,1.1408649905349173,Low
R16372,2026-06-17,7,Academic Block,Low,1,1.110299785983351,Low
R20137,2026-06-17,7,Academic Block,Medium,2,1.2206104059754135,Low
R16330,2026-06-17,7,Academic Block,Low,1,1.1150127183275829,Low
R26483,2026-06-17,8,Academic Block,Low,1,1.8218120231576258,Medium
R27075,2026-06-17,9,Academic Block,Medium,2,2.161129379995074,Medium
R26805,2026-06-17,9,Academic Block,Medium,2,1.808525820635287,Medium
R29776,2026-06-17,10,Academic Block,Low,1,1.184386366537549,Low
R10899,2026-06-17,15,Academic Block,Low,1,1.0049863126468208,Low
R13204,2026-06-17,16,Academic Block,Medium,2,1.2775192547966594,Low
R21722,2026-06-17,16,Academic Block,Low,1,1.2123011763311562,Low
R21977,2026-06-17,17,Academic Block,Medium,2,1.999550836303442,Medium
R18645,2026-06-17,18,Academic Block,Low,1,2.1666515096105186,Medium
R14513,2026-06-17,19,Academic Block,Low,1,1.9660393426211054,Medium
R14152,2026-06-17,21,Academic Block,Low,1,1.0000746268656717,Low
R17465,2026-06-17,22,Academic Block,Low,1,1.050221685689201,Low
R14166,2026-06-18,10,Academic Block,Low,1,1.203202308613344,Low
R12255,2026-06-18,12,Academic Block,Low,1,1.0019718238496518,Low
R22546,2026-06-18,14,Academic Block,Low,1,1.0022627835967237,Low
R16400,2026-06-18,16,Academic Block,Low,1,1.349683369921973,Low
R17884,2026-06-18,17,Academic Block,Medium,2,1.9826780248875426,Medium
R28577,2026-06-18,17,Academic Block,Low,1,1.9183272669818126,Medium
R24888,2026-06-18,17,Academic Block,Medium,2,1.9528211878202828,Medium
R13542,2026-06-18,21,Academic Block,Low,1,1.0001515151515152,Low
R25835,2026-06-19,7,Academic Block,Low,1,1.2589298398389257,Low
R22337,2026-06-19,7,Academic Block,Low,1,1.2401500031161772,Low
R19765,2026-06-19,8,Academic Block,Medium,2,1.8803958617210355,Medium
R16931,2026-06-19,8,Academic Block,Medium,2,1.9145587870648708,Medium
R20499,2026-06-19,13,Academic Block,Low,1,1.1512173118280307,Low
R19514,2026-06-19,17,Academic Block,Medium,2,1.8926785898812044,Medium
R11622,2026-06-19,17,Academic Block,High,3,1.9309695128063857,Medium
R13867,2026-06-19,18,Academic Block,Medium,2,1.8972554314531211,Medium
R28830,2026-06-19,20,Academic Block,Medium,2,1.3338539644068599,Low
R11514,2026-06-20,8,Academic Block,Medium,2,1.2398968820047225,Low
R23861,2026-06-20,9,Academic Block,Low,1,1.2775678692859773,Low
R27130,2026-06-20,9,Academic Block,Low,1,1.224193789577942,Low
R13421,2026-06-20,10,Academic Block,Low,1,1.0609104356636272,Low
R18754,2026-06-20,12,Academic Block,Low,1,1.0,Low
R16311,2026-06-20,13,Academic Block,Low,1,1.0,Low
R16083,2026-06-20,13,Academic Block,Low,1,1.0,Low
R20881,2026-06-20,13,Academic Block,Low,1,1.0005882352941178,Low
R12653,2026-06-20,14,Academic Block,Low,1,1.0,Low
R24786,2026-06-20,16,Academic Block,Low,1,1.0,Low
R16260,2026-06-20,21,Academic Block,Low,1,1.0,Low
R22882,2026-06-20,21,Academic Block,Low,1,1.0,Low
R22665,2026-06-21,6,Academic Block,Low,1,1.0,Low
R25530,2026-06-21,8,Academic Block,Low,1,1.1728759751792497,Low
R19714,2026-06-21,8,Academic Block,Low,1,1.1485907921889056,Low
R29043,2026-06-21,9,Academic Block,Low,1,1.3103658112305059,Low
R26995,2026-06-21,10,Academic Block,Low,1,1.0021818973877907,Low
R13745,2026-06-21,10,Academic Block,Low,1,1.0418247545306478,Low
R28240,2026-06-21,11,Academic Block,Low,1,1.0,Low
R23613,2026-06-21,11,Academic Block,Low,1,1.0,Low
R21916,2026-06-21,11,Academic Block,Low,1,1.0,Low
R22843,2026-06-21,11,Academic Block,Low,1,1.0,Low
R26895,2026-06-21,11,Academic Block,Low,1,1.0,Low
R16612,2026-06-21,13,Academic Block,Low,1,1.0,Low
R20785,2026-06-21,14,Academic Block,Low,1,1.0,Low
R25694,2026-06-21,14,Academic Block,Low,1,1.0,Low
R19371,2026-06-21,14,Academic Block,Low,1,1.0,Low
R28235,2026-06-21,15,Academic Block,Low,1,1.0,Low
R27113,2026-06-21,15,Academic Block,Low,1,1.0,Low
R18278,2026-06-21,18,Academic Block,Low,1,1.156815670081211,Low
R13965,2026-06-21,18,Academic Block,Low,1,1.0995525681113743,Low
R16158,2026-06-21,21,Academic Block,Low,1,1.0,Low
R24572,2026-06-21,22,Academic Block,Low,1,1.0,Low
R14700,2026-06-22,7,Academic Block,Low,1,1.1512678271360806,Low
R13805,2026-06-22,8,Academic Block,Low,1,1.9234421062503133,Medium
R22962,2026-06-22,8,Academic Block,Medium,2,1.932481682116983,Medium
R20474,2026-06-22,9,Academic Block,Medium,2,2.0061288372413166,Medium
R20744,2026-06-22,10,Academic Block,Medium,2,1.1316262260492405,Low
R24389,2026-06-22,13,Academic Block,Low,1,1.0105715974978464,Low
R17431,2026-06-22,13,Academic Block,Low,1,1.0117824277261465,Low
R29010,2026-06-22,13,Academic Block,Medium,2,1.0096298614070558,Low
R16408,2026-06-22,16,Academic Block,Low,1,1.3123475985276005,Low
R16286,2026-06-22,16,Academic Block,Low,1,1.1842744404363648,Low
R23757,2026-06-22,17,Academic Block,High,3,1.7783058456627736,Medium
R24970,2026-06-22,17,Academic Block,Low,1,1.9931343092505551,Medium
R26400,2026-06-22,17,Academic Block,Medium,2,1.8205625027160013,Medium
R25208,2026-06-22,17,Academic Block,Low,1,1.8693491603882646,Medium
R25082,2026-06-22,18,Academic Block,High,3,1.878588317592635,Medium
R24845,2026-06-22,18,Academic Block,Medium,2,1.8579958578617726,Medium
R24942,2026-06-22,19,Academic Block,Medium,2,1.8042515751764725,Medium
R11091,2026-06-22,21,Academic Block,Low,1,1.0005555555555556,Low
R24007,2026-06-23,7,Academic Block,Low,1,1.1967425365915083,Low
R29607,2026-06-23,7,Academic Block,Low,1,1.1132301691281896,Low
R24290,2026-06-23,8,Academic Block,Medium,2,1.8933444762992102,Medium
R15190,2026-06-23,8,Academic Block,Medium,2,2.00694143916044,Medium
R26456,2026-06-23,9,Academic Block,Medium,2,1.8608550799870853,Medium
R15990,2026-06-23,10,Academic Block,Medium,2,1.2689917132092317,Low
R25418,2026-06-23,10,Academic Block,Medium,2,1.2969499394685327,Low
R17014,2026-06-23,12,Academic Block,Low,1,1.005334317024909,Low
R23077,2026-06-23,13,Academic Block,Low,1,1.0082207149275149,Low
R22456,2026-06-23,16,Academic Block,Medium,2,1.083050332380325,Low
R11738,2026-06-23,17,Academic Block,Medium,2,2.04622727963582,Medium
R28117,2026-06-23,18,Academic Block,Medium,2,2.011076374334493,Medium
R11817,2026-06-23,19,Academic Block,Medium,2,2.0583811707595157,Medium
R17575,2026-06-24,6,Academic Block,Low,1,1.0162390873015874,Low
R22414,2026-06-24,7,Academic Block,Low,1,1.1962795104231914,Low
R25924,2026-06-24,8,Academic Block,Low,1,1.9813203219756135,Medium
R15650,2026-06-24,8,Academic Block,Medium,2,1.9145409670789417,Medium
R17263,2026-06-24,8,Academic Block,Medium,2,2.1323742372506307,Medium
R13473,2026-06-24,10,Academic Block,Medium,2,1.1682452719408372,Low
R23618,2026-06-24,11,Academic Block,Low,1,1.0030957294323621,Low
R14642,2026-06-24,11,Academic Block,Low,1,1.0046437405748656,Low
R14237,2026-06-24,14,Academic Block,Low,1,1.005181055312215,Low
R23787,2026-06-24,16,Academic Block,Medium,2,1.175549397672079,Low
R27229,2026-06-24,16,Academic Block,Low,1,1.1642886231812737,Low
R25129,2026-06-24,16,Academic Block,Low,1,1.093252099304298,Low
R23488,2026-06-24,16,Academic Block,Medium,2,1.1089369084418172,Low
R13203,2026-06-24,17,Academic Block,Medium,2,2.0866546379791227,Medium
R10121,2026-06-24,17,Academic Block,Medium,2,1.9899621574056974,Medium
R26166,2026-06-24,18,Academic Block,Medium,2,1.994391027923394,Medium
R15422,2026-06-24,19,Academic Block,Medium,2,2.094054629531803,Medium
R13566,2026-06-24,21,Academic Block,Low,1,1.0118928086838535,Low
R13931,2026-06-24,22,Academic Block,Low,1,1.0250746268656716,Low
R11586,2026-06-25,4,Academic Block,Low,1,1.0215285349562935,Low
R18426,2026-06-25,8,Academic Block,Medium,2,1.8718457584001826,Medium
R10359,2026-06-25,8,Academic Block,High,3,2.0721688884175022,Medium
R23330,2026-06-25,8,Academic Block,Medium,2,1.9098231101282446,Medium
R15100,2026-06-25,9,Academic Block,Medium,2,1.9019522584963906,Medium
R21750,2026-06-25,9,Academic Block,Medium,2,2.0634516423331037,Medium
R20599,2026-06-25,12,Academic Block,Low,1,1.007611951776796,Low
R17745,2026-06-25,12,Academic Block,Low,1,1.0099197947430871,Low
R27442,2026-06-25,12,Academic Block,Low,1,1.0078511099521956,Low
R26022,2026-06-25,16,Academic Block,Low,1,1.203566541665291,Low
R27117,2026-06-25,19,Academic Block,Medium,2,1.881903984570932,Medium
R14866,2026-06-25,19,Academic Block,Medium,2,1.9959869427718333,Medium
R18381,2026-06-25,22,Academic Block,Low,1,1.0003732008407162,Low
R21912,2026-06-26,7,Academic Block,Medium,2,1.072286243219098,Low
R25311,2026-06-26,8,Academic Block,Medium,2,1.8811205724869913,Medium
R28111,2026-06-26,8,Academic Block,Medium,2,1.8449029889214017,Medium
R16994,2026-06-26,9,Academic Block,High,3,2.017391441534885,Medium
R27287,2026-06-26,9,Academic Block,Low,1,1.8292618581463236,Medium
R22383,2026-06-26,9,Academic Block,Medium,2,1.9379257935918173,Medium
R18706,2026-06-26,10,Academic Block,Low,1,1.2471991411966903,Low
R17016,2026-06-26,11,Academic Block,Low,1,1.0049798094489035,Low
R14351,2026-06-26,12,Academic Block,Low,1,1.0074922588994317,Low
R12902,2026-06-26,15,Academic Block,Low,1,1.0636122123058371,Low
R10717,2026-06-26,16,Academic Block,Medium,2,1.2051469680481608,Low
R14136,2026-06-26,17,Academic Block,Medium,2,2.028700588025691,Medium
R29027,2026-06-26,17,Academic Block,Medium,2,1.9163254823907103,Medium
R20798,2026-06-26,18,Academic Block,Medium,2,1.9321568555324595,Medium
R27026,2026-06-26,18,Academic Block,Medium,2,1.9243109223851724,Medium
R11192,2026-06-26,19,Academic Block,Low,1,1.9315388472808803,Medium
R28006,2026-06-26,20,Academic Block,Medium,2,1.0873362979216141,Low
R18410,2026-06-27,5,Academic Block,Low,1,1.0002176339285713,Low
R21041,2026-06-27,9,Academic Block,Low,1,1.3264146340499874,Low
R20405,2026-06-27,9,Academic Block,Low,1,1.3432384679702734,Low
R20041,2026-06-27,9,Academic Block,Low,1,1.259572629788828,Low
R17710,2026-06-27,11,Academic Block,Low,1,1.0,Low
R13438,2026-06-27,11,Academic Block,Low,1,1.0,Low
R12886,2026-06-27,12,Academic Block,Low,1,1.0,Low
R27064,2026-06-27,12,Academic Block,Low,1,1.0,Low
R26415,2026-06-27,13,Academic Block,Low,1,1.0,Low
R12966,2026-06-27,14,Academic Block,Low,1,1.0,Low
R27754,2026-06-27,15,Academic Block,Low,1,1.0,Low
R27709,2026-06-27,15,Academic Block,Low,1,1.0,Low
R13698,2026-06-27,16,Academic Block,Low,1,1.0,Low
R10972,2026-06-27,18,Academic Block,Low,1,1.32503839610315,Low
R20847,2026-06-27,18,Academic Block,Low,1,1.3728670520967396,Low
R29591,2026-06-27,19,Academic Block,Low,1,1.4943844925888454,Low
R15006,2026-06-28,7,Academic Block,Low,1,1.0,Low
R19494,2026-06-28,7,Academic Block,Low,1,1.0,Low
R23098,2026-06-28,8,Academic Block,Medium,2,1.2987843536519608,Low
R29702,2026-06-28,11,Academic Block,Low,1,1.01,Low
R12006,2026-06-28,14,Academic Block,Low,1,1.0,Low
R22532,2026-06-28,14,Academic Block,Low,1,1.0,Low
R15978,2026-06-28,16,Academic Block,Low,1,1.005,Low
R29658,2026-06-28,16,Academic Block,Low,1,1.005,Low
R28252,2026-06-28,17,Academic Block,Low,1,1.095048291471824,Low
R10493,2026-06-28,17,Academic Block,Low,1,1.4583124793611164,Low
R22089,2026-06-28,18,Academic Block,Low,1,1.3573402317705543,Low
R29092,2026-06-28,18,Academic Block,Medium,2,1.4598068534593378,Low
R20702,2026-06-28,18,Academic Block,Low,1,1.2883653674294435,Low
R14400,2026-06-28,18,Academic Block,Low,1,1.372242240488361,Low
R20197,2026-06-28,19,Academic Block,Low,1,1.2419727879568248,Low
R11202,2026-06-28,20,Academic Block,Low,1,1.0,Low
R17589,2026-06-29,7,Academic Block,Medium,2,1.1559315205428877,Low
R24523,2026-06-29,8,Academic Block,Medium,2,1.8873779112667444,Medium
R17255,2026-06-29,9,Academic Block,High,3,1.9740699762828995,Medium
R15695,2026-06-29,10,Academic Block,Medium,2,1.1910920808020768,Low
R28548,2026-06-29,11,Academic Block,Low,1,1.0029632341620214,Low
R28246,2026-06-29,11,Academic Block,Low,1,1.007530337128026,Low
R25165,2026-06-29,12,Academic Block,Low,1,1.0022305617320264,Low
R22689,2026-06-29,15,Academic Block,Low,1,1.0121747234501526,Low
R27658,2026-06-29,16,Academic Block,Low,1,1.174965946089026,Low
R17010,2026-06-29,19,Academic Block,Medium,2,1.8241160728064907,Medium
R12645,2026-06-29,20,Academic Block,Low,1,1.2611927149383049,Low
R15766,2026-06-30,6,Academic Block,Low,1,1.0446559139784946,Low
R27206,2026-06-30,7,Academic Block,Low,1,1.1911658066278883,Low
R11750,2026-06-30,8,Academic Block,Low,1,2.0793874029983694,Medium
R18745,2026-06-30,9,Academic Block,Medium,2,1.9132226252853923,Medium
R17337,2026-06-30,10,Academic Block,Low,1,1.2144297307453134,Low
R15002,2026-06-30,13,Academic Block,Low,1,1.0099560961175102,Low
R23248,2026-06-30,13,Academic Block,Low,1,1.003290451420021,Low
R17802,2026-06-30,15,Academic Block,Low,1,1.0147615621344697,Low
R12009,2026-06-30,16,Academic Block,Low,1,1.1189051068959717,Low
R11505,2026-06-30,16,Academic Block,Low,1,1.1104796492454616,Low
R29788,2026-06-30,16,Academic Block,Low,1,1.0942411635527183,Low
R27864,2026-06-30,16,Academic Block,Low,1,1.4649976407139096,Low
R25942,2026-06-30,17,Academic Block,Low,1,1.9052369090333077,Medium
R14143,2026-06-30,18,Academic Block,Medium,2,1.9279400259084705,Medium
R11636,2026-06-30,18,Academic Block,High,3,1.968510314334737,Medium
R29135,2026-06-30,19,Academic Block,Medium,2,1.9566233187989308,Medium
R27256,2026-06-30,20,Academic Block,Medium,2,1.1864917204941947,Low
R17412,2026-05-26,8,Admin Block,Low,1,1.9212891585108955,Medium
R21110,2026-05-26,10,Admin Block,Low,1,1.3001627384043557,Low
R14933,2026-05-26,11,Admin Block,Low,1,1.0131721172554824,Low
R13789,2026-05-26,16,Admin Block,Low,1,1.1737833982881865,Low
R29261,2026-05-26,16,Admin Block,Low,1,1.1934326680530338,Low
R23981,2026-05-27,7,Admin Block,Low,1,1.0436273067708184,Low
R21079,2026-05-27,9,Admin Block,Medium,2,1.7938384646602694,Medium
R24918,2026-05-27,10,Admin Block,Low,1,1.325062361300371,Low
R15025,2026-05-27,10,Admin Block,Low,1,1.4447458638677437,Low
R27654,2026-05-27,12,Admin Block,Medium,2,1.0036873816395866,Low
R12057,2026-05-27,12,Admin Block,Low,1,1.0031327307742661,Low
R25312,2026-05-27,12,Admin Block,Low,1,1.0021305720986107,Low
R14098,2026-05-27,14,Admin Block,Low,1,1.0034735078716797,Low
R15728,2026-05-27,14,Admin Block,Low,1,1.0032633961895705,Low
R16430,2026-05-27,16,Admin Block,Low,1,1.1645349477529674,Low
R28381,2026-05-27,16,Admin Block,Low,1,1.1565396353520194,Low
R17290,2026-05-27,16,Admin Block,Low,1,1.209627640428031,Low
R28607,2026-05-27,17,Admin Block,Medium,2,1.7481885806634638,Medium
R20036,2026-05-27,18,Admin Block,Medium,2,1.837446173719228,Medium
R13528,2026-05-27,20,Admin Block,Low,1,1.1682315781742216,Low
R17697,2026-05-28,6,Admin Block,Low,1,1.0,Low
R29148,2026-05-28,10,Admin Block,Low,1,1.1488457330711268,Low
R19467,2026-05-28,11,Admin Block,Low,1,1.0010188037829546,Low
R16394,2026-05-28,12,Admin Block,Low,1,1.0014682320537118,Low
R14053,2026-05-28,13,Admin Block,Low,1,1.0008103516423952,Low
R28493,2026-05-28,13,Admin Block,Low,1,1.0008103516423952,Low
R12772,2026-05-28,17,Admin Block,Medium,2,1.8462988773975058,Medium
R26296,2026-05-28,23,Admin Block,Low,1,1.0,Low
R26440,2026-05-29,7,Admin Block,Low,1,1.1478910683885417,Low
R24763,2026-05-29,7,Admin Block,Low,1,1.0897114311730731,Low
R27281,2026-05-29,9,Admin Block,Medium,2,1.8125309373658518,Medium
R12805,2026-05-29,11,Admin Block,Low,1,1.0043797503971068,Low
R13189,2026-05-29,12,Admin Block,Low,1,1.0100118630079138,Low
R25745,2026-05-29,13,Admin Block,Low,1,1.020709860618782,Low
R12862,2026-05-29,17,Admin Block,Medium,2,1.5083339836410117,Medium
R22100,2026-05-29,18,Admin Block,Medium,2,1.698411486434299,Medium
R15872,2026-05-29,18,Admin Block,Medium,2,1.6620629183984394,Medium
R27234,2026-05-30,8,Admin Block,Low,1,1.217426123509959,Low
R17455,2026-05-30,9,Admin Block,Low,1,1.0538231863970946,Low
R20476,2026-05-30,12,Admin Block,Low,1,1.000041806020067,Low
R11372,2026-05-30,14,Admin Block,Low,1,1.0,Low
R22436,2026-05-30,16,Admin Block,Low,1,1.0,Low
R14585,2026-05-30,18,Admin Block,Low,1,1.0082046228642916,Low
R22068,2026-05-30,22,Admin Block,Low,1,1.0,Low
R10975,2026-05-31,1,Admin Block,Low,1,1.0052015817901236,Low
R20602,2026-05-31,8,Admin Block,Low,1,1.0855746459710587,Low
R12135,2026-05-31,12,Admin Block,Low,1,1.0,Low
R16906,2026-05-31,12,Admin Block,Low,1,1.0,Low
R11429,2026-05-31,17,Admin Block,Low,1,1.0055026970425192,Low
R10872,2026-05-31,19,Admin Block,Low,1,1.0170740480571483,Low
R17228,2026-06-01,7,Admin Block,Low,1,1.0673753502773216,Low
R13601,2026-06-01,14,Admin Block,Low,1,1.001941703810083,Low
R16568,2026-06-01,15,Admin Block,Low,1,1.0014212462580878,Low
R28582,2026-06-01,19,Admin Block,Medium,2,1.8482896216566918,Medium
R17042,2026-06-01,19,Admin Block,Low,1,1.703074006584687,Medium
R22993,2026-06-01,20,Admin Block,Low,1,1.1068281539187848,Low
R19397,2026-06-02,11,Admin Block,Low,1,1.001082052843108,Low
R10274,2026-06-02,13,Admin Block,Low,1,1.001004693351368,Low
R11758,2026-06-02,19,Admin Block,Medium,2,1.6821842262280942,Medium
R11464,2026-06-02,22,Admin Block,Low,1,1.405,Low
R14754,2026-06-02,22,Admin Block,Low,1,1.0,Low
R12864,2026-06-03,15,Admin Block,Low,1,1.0029059149392676,Low
R22824,2026-06-03,17,Admin Block,Medium,2,2.1717069589668316,Medium
R17012,2026-06-03,17,Admin Block,Medium,2,1.685141599975825,Medium
R17305,2026-06-03,17,Admin Block,Medium,2,1.7879204799633748,Medium
R17906,2026-06-03,17,Admin Block,Medium,2,1.8431329449751237,Medium
R18005,2026-06-03,18,Admin Block,Medium,2,1.7710513847773328,Medium
R16467,2026-06-03,18,Admin Block,Low,1,1.7960377181824898,Medium
R21104,2026-06-04,8,Admin Block,Low,1,1.9633104320392973,Medium
R26030,2026-06-04,12,Admin Block,Low,1,1.0014834573947675,Low
R15303,2026-06-04,12,Admin Block,Low,1,1.00574231380148,Low
R20311,2026-06-04,14,Admin Block,Low,1,1.004148192403639,Low
R19837,2026-06-04,15,Admin Block,Low,1,1.0047422827351185,Low
R22015,2026-06-04,17,Admin Block,Medium,2,1.869132350093843,Medium
R12470,2026-06-04,17,Admin Block,Medium,2,1.9347474226861427,Medium
R10687,2026-06-04,17,Admin Block,Medium,2,1.907654800915243,Medium
R14822,2026-06-04,18,Admin Block,Medium,2,1.9444635789123526,Medium
R18854,2026-06-05,8,Admin Block,Medium,2,1.8669692726776135,Medium
R14026,2026-06-05,11,Admin Block,Low,1,1.009430340370719,Low
R28815,2026-06-05,15,Admin Block,Low,1,1.008102768486887,Low
R15583,2026-06-05,16,Admin Block,Low,1,1.1892980436873781,Low
R16100,2026-06-05,19,Admin Block,Medium,2,1.9299757641849564,Medium
R23548,2026-06-05,20,Admin Block,Low,1,1.140063651692291,Low
R16101,2026-06-06,9,Admin Block,Medium,2,1.0696790991509537,Low
R16981,2026-06-06,10,Admin Block,Low,1,1.0006666666666666,Low
R16797,2026-06-06,15,Admin Block,Low,1,1.0,Low
R24574,2026-06-06,15,Admin Block,Low,1,1.0,Low
R26526,2026-06-07,2,Admin Block,Low,1,1.0002015817901235,Low
R27795,2026-06-07,10,Admin Block,Low,1,1.0053488372093025,Low
R10420,2026-06-07,16,Admin Block,Low,1,1.0,Low
R24424,2026-06-08,10,Admin Block,Low,1,1.1632707394859172,Low
R16635,2026-06-08,18,Admin Block,Medium,2,1.8551295663535106,Medium
R20383,2026-06-09,14,Admin Block,Low,1,1.0072798346277236,Low
R19190,2026-06-09,14,Admin Block,Low,1,1.0098472717313316,Low
R10179,2026-06-09,15,Admin Block,Low,1,1.0128747708756776,Low
R20563,2026-06-09,15,Admin Block,Low,1,1.0027076382604627,Low
R11478,2026-06-09,17,Admin Block,Medium,2,1.7970275495105676,Medium
R25562,2026-06-09,18,Admin Block,Medium,2,1.75026708607008,Medium
R22963,2026-06-09,21,Admin Block,Low,1,1.005,Low
R10970,2026-06-10,6,Admin Block,Low,1,1.0,Low
R11180,2026-06-10,7,Admin Block,Low,1,1.0998294900941554,Low
R21024,2026-06-10,13,Admin Block,Low,1,1.0017538568101696,Low
R29053,2026-06-10,13,Admin Block,Low,1,1.0020501311688468,Low
R14962,2026-06-10,15,Admin Block,Low,1,1.0009298382372018,Low
R24754,2026-06-10,20,Admin Block,Low,1,1.092745612183836,Low
R19601,2026-06-11,8,Admin Block,Medium,2,1.8765211778864275,Medium
R14648,2026-06-11,10,Admin Block,Low,1,1.1901537843008891,Low
R14622,2026-06-11,13,Admin Block,Low,1,1.0058212691213888,Low
R14004,2026-06-11,14,Admin Block,Low,1,1.0022509379926645,Low
R13806,2026-06-11,19,Admin Block,Medium,2,1.9849158060249479,Medium
R15433,2026-06-12,0,Admin Block,Low,1,1.0096794041041668,Low
R13843,2026-06-12,9,Admin Block,Medium,2,1.8302991616179645,Medium
R18273,2026-06-12,9,Admin Block,Medium,2,1.9875689653563395,Medium
R24831,2026-06-12,12,Admin Block,Low,1,1.0034991964526316,Low
R27605,2026-06-12,16,Admin Block,Medium,2,1.1033043806761613,Low
R14876,2026-06-12,18,Admin Block,Low,1,2.0073413326398697,Medium
R15864,2026-06-13,9,Admin Block,Low,1,1.1981112680387185,Low
R18121,2026-06-13,9,Admin Block,Low,1,1.0327304297368172,Low
R29665,2026-06-13,13,Admin Block,Low,1,1.000041806020067,Low
R26563,2026-06-13,17,Admin Block,Low,1,1.0132723083993926,Low
R20945,2026-06-13,19,Admin Block,Low,1,1.0049055434915568,Low
R22783,2026-06-14,7,Admin Block,Low,1,1.0,Low
R16164,2026-06-14,12,Admin Block,Low,1,1.0,Low
R25852,2026-06-14,13,Admin Block,Low,1,1.0,Low
R11020,2026-06-14,17,Admin Block,Low,1,1.020553870722363,Low
R10770,2026-06-15,1,Admin Block,Low,1,1.0286400632827482,Low
R12365,2026-06-15,7,Admin Block,Low,1,1.1442858763281143,Low
R11325,2026-06-15,11,Admin Block,Low,1,1.0007406137672394,Low
R10780,2026-06-15,11,Admin Block,Low,1,1.0011333155164825,Low
R29307,2026-06-15,12,Admin Block,Low,1,1.0007302842693315,Low
R28558,2026-06-15,14,Admin Block,Low,1,1.0036556979705318,Low
R22731,2026-06-15,14,Admin Block,Low,1,1.001284870780378,Low
R16782,2026-06-15,16,Admin Block,Low,1,1.2388248987180461,Low
R21887,2026-06-15,19,Admin Block,Low,1,1.8681379177001478,Medium
R15196,2026-06-16,8,Admin Block,Medium,2,1.8871349329969758,Medium
R19246,2026-06-16,9,Admin Block,Medium,2,1.7305187533378161,Medium
R25018,2026-06-16,9,Admin Block,Medium,2,1.657026853533593,Medium
R26472,2026-06-16,10,Admin Block,Medium,2,1.1360861935785145,Low
R23315,2026-06-16,11,Admin Block,Low,1,1.0011637850273412,Low
R28000,2026-06-16,13,Admin Block,Low,1,1.0076741567979766,Low
R23902,2026-06-16,14,Admin Block,Low,1,1.0015664857741988,Low
R22961,2026-06-16,14,Admin Block,Low,1,1.0022958856353335,Low
R12221,2026-06-16,17,Admin Block,Low,1,1.837923530978224,Medium
R11444,2026-06-16,19,Admin Block,Medium,2,1.7922010543306592,Medium
R23719,2026-06-17,0,Admin Block,Low,1,1.0065229811418201,Low
R16412,2026-06-17,7,Admin Block,Low,1,1.0503668241332091,Low
R23605,2026-06-17,12,Admin Block,Low,1,1.0101480300583787,Low
R25028,2026-06-17,19,Admin Block,Medium,2,1.7454749011533774,Medium
R13084,2026-06-17,19,Admin Block,Medium,2,1.880039317018842,Medium
R16959,2026-06-17,20,Admin Block,Low,1,1.0960810002584016,Low
R19839,2026-06-17,23,Admin Block,Low,1,1.0,Low
R14699,2026-06-18,7,Admin Block,Low,1,1.0482548667843683,Low
R18392,2026-06-18,11,Admin Block,Low,1,1.0004752878956678,Low
R12581,2026-06-18,14,Admin Block,Low,1,1.0010315177695142,Low
R25138,2026-06-18,16,Admin Block,Low,1,1.1285863897021327,Low
R16904,2026-06-18,17,Admin Block,Medium,2,1.8751159261909516,Medium
R22499,2026-06-18,20,Admin Block,Low,1,1.093451872782317,Low
R21959,2026-06-18,20,Admin Block,Low,1,1.1386259723201142,Low
R17582,2026-06-19,9,Admin Block,Low,1,1.7995429994528351,Medium
R29436,2026-06-19,10,Admin Block,Low,1,1.388100970960247,Low
R12796,2026-06-19,11,Admin Block,Low,1,1.0104434733117225,Low
R13139,2026-06-19,13,Admin Block,Low,1,1.0029552035317548,Low
R19042,2026-06-19,17,Admin Block,Medium,2,1.7584566610400905,Medium
R16179,2026-06-19,21,Admin Block,Low,1,1.0,Low
R29718,2026-06-20,10,Admin Block,Low,1,1.0,Low
R20497,2026-06-20,13,Admin Block,Low,1,1.0,Low
R26724,2026-06-20,15,Admin Block,Low,1,1.0,Low
R16012,2026-06-20,15,Admin Block,Low,1,1.0,Low
R23626,2026-06-20,15,Admin Block,Low,1,1.0,Low
R26372,2026-06-20,16,Admin Block,Low,1,1.0,Low
R16162,2026-06-20,18,Admin Block,Low,1,1.0036016710758346,Low
R17400,2026-06-20,18,Admin Block,Low,1,1.0139977643184814,Low
R28589,2026-06-20,19,Admin Block,Low,1,1.0131003284210456,Low
R14365,2026-06-20,20,Admin Block,Low,1,1.0,Low
R19914,2026-06-21,8,Admin Block,Medium,2,1.0925680319132614,Low
R16815,2026-06-21,17,Admin Block,Low,1,1.0206971718185407,Low
R23868,2026-06-21,17,Admin Block,Low,1,1.1463069940476192,Low
R24794,2026-06-21,19,Admin Block,Low,1,1.0126387842694455,Low
R15956,2026-06-22,9,Admin Block,Medium,2,1.8318041352946208,Medium
R18233,2026-06-22,9,Admin Block,Medium,2,1.910417388666061,Medium
R24323,2026-06-22,11,Admin Block,Low,1,1.0007586872988958,Low
R24962,2026-06-22,15,Admin Block,Low,1,1.0006643236782748,Low
R21060,2026-06-22,22,Admin Block,Low,1,1.0,Low
R19913,2026-06-23,6,Admin Block,Low,1,1.0,Low
R24184,2026-06-23,12,Admin Block,Low,1,1.0037594006766875,Low
R25345,2026-06-23,17,Admin Block,Low,1,1.8768806038239043,Medium
R22975,2026-06-23,21,Admin Block,Low,1,1.045,Low
R13587,2026-06-24,9,Admin Block,High,3,1.8013728433121114,Medium
R24906,2026-06-24,10,Admin Block,Low,1,1.335446910956058,Low
R24560,2026-06-24,13,Admin Block,Low,1,1.006927641706505,Low
R20051,2026-06-24,15,Admin Block,Low,1,1.0032412963507042,Low
R20956,2026-06-24,16,Admin Block,Low,1,1.18976956847856,Low
R19196,2026-06-24,17,Admin Block,Medium,2,1.6768771253422694,Medium
R15332,2026-06-24,18,Admin Block,Medium,2,1.8352158720084888,Medium
R11153,2026-06-24,19,Admin Block,Medium,2,1.7356018038354035,Medium
R29398,2026-06-25,1,Admin Block,Low,1,1.0022227430566537,Low
R19402,2026-06-25,7,Admin Block,Low,1,1.1680589002313098,Low
R29240,2026-06-25,9,Admin Block,Low,1,1.8350904811081106,Medium
R23042,2026-06-25,14,Admin Block,Low,1,1.0233910747870874,Low
R23174,2026-06-25,15,Admin Block,Low,1,1.0274677312511173,Low
R23045,2026-06-25,16,Admin Block,Low,1,1.1327147939705569,Low
R13004,2026-06-25,17,Admin Block,Low,1,1.8479907507973632,Medium
R19938,2026-06-25,20,Admin Block,Low,1,1.0944631651725336,Low
R11504,2026-06-25,23,Admin Block,Low,1,1.02,Low
R16190,2026-06-26,8,Admin Block,Medium,2,1.6340910422174812,Medium
R24960,2026-06-26,9,Admin Block,Medium,2,1.758876988327074,Medium
R24463,2026-06-26,14,Admin Block,Low,1,1.0041185931415817,Low
R28424,2026-06-26,16,Admin Block,Low,1,1.1863347332079226,Low
R22104,2026-06-26,17,Admin Block,Medium,2,1.8367272205929681,Medium
R29523,2026-06-26,17,Admin Block,Medium,2,1.7193570405058864,Medium
R10532,2026-06-26,18,Admin Block,Medium,2,1.8597923637854816,Medium
R23312,2026-06-26,18,Admin Block,High,3,1.8569391239407147,Medium
R12852,2026-06-27,14,Admin Block,Low,1,1.005,Low
R26463,2026-06-27,14,Admin Block,Low,1,1.0,Low
R10683,2026-06-27,19,Admin Block,Low,1,1.0053041666666667,Low
R14092,2026-06-28,9,Admin Block,Low,1,1.0701206330075579,Low
R14495,2026-06-28,11,Admin Block,Low,1,1.0,Low
R15824,2026-06-28,11,Admin Block,Low,1,1.0,Low
R16554,2026-06-28,16,Admin Block,Low,1,1.0,Low
R10768,2026-06-28,16,Admin Block,Low,1,1.0,Low
R17683,2026-06-28,17,Admin Block,Low,1,1.008735688904181,Low
R22767,2026-06-28,18,Admin Block,Low,1,1.0070817081965335,Low
R16271,2026-06-28,18,Admin Block,Low,1,1.0192786185985911,Low
R24878,2026-06-28,19,Admin Block,Low,1,1.00856952474595,Low
R11395,2026-06-28,20,Admin Block,Low,1,1.0,Low
R15356,2026-06-29,7,Admin Block,Low,1,1.073775713482369,Low
R22781,2026-06-29,9,Admin Block,Medium,2,1.8523690431813613,Medium
R20559,2026-06-29,14,Admin Block,Low,1,1.0190385732251859,Low
R29324,2026-06-29,18,Admin Block,Low,1,1.8042814593072123,Medium
R19212,2026-06-29,19,Admin Block,Medium,2,1.826525955203647,Medium
R10002,2026-06-29,20,Admin Block,Low,1,1.1883015433719186,Low
R17889,2026-06-30,8,Admin Block,Low,1,1.8741473682827579,Medium
R19205,2026-06-30,8,Admin Block,Medium,2,1.867867541655051,Medium
R18661,2026-06-30,8,Admin Block,Medium,2,1.9052787488979135,Medium
R13562,2026-06-30,11,Admin Block,Low,1,1.0004837707165004,Low
R15381,2026-06-30,14,Admin Block,Low,1,1.0008188699793548,Low
R23887,2026-06-30,16,Admin Block,Low,1,1.2250410024816736,Low
R25209,2026-05-26,7,Bus Stop,Low,1,1.0924926877169947,Low
R28948,2026-05-26,7,Bus Stop,Low,1,1.0646482938452717,Low
R21211,2026-05-26,11,Bus Stop,Low,1,1.0117509466676917,Low
R10276,2026-05-26,11,Bus Stop,Low,1,1.0145502926043037,Low
R15520,2026-05-26,12,Bus Stop,Low,1,1.0142166416200775,Low
R24496,2026-05-26,12,Bus Stop,Low,1,1.0115300172827397,Low
R17632,2026-05-26,16,Bus Stop,Low,1,1.147789166057543,Low
R26354,2026-05-26,17,Bus Stop,Medium,2,1.940553957118156,Medium
R20788,2026-05-26,19,Bus Stop,Low,1,1.938184201399233,Medium
R28821,2026-05-26,20,Bus Stop,Medium,2,1.11382711004588,Low
R13327,2026-05-27,1,Bus Stop,Low,1,1.042895699140393,Low
R24578,2026-05-27,9,Bus Stop,Medium,2,1.8558102304552762,Medium
R13681,2026-05-27,9,Bus Stop,Medium,2,1.877065481256237,Medium
R18427,2026-05-27,10,Bus Stop,Low,1,1.1957308652056804,Low
R14116,2026-05-27,12,Bus Stop,Low,1,1.0070783430580814,Low
R10314,2026-05-27,15,Bus Stop,Low,1,1.025831053012285,Low
R27651,2026-05-27,15,Bus Stop,Low,1,1.0175493620740226,Low
R20083,2026-05-27,16,Bus Stop,Low,1,1.2302817748186272,Low
R20614,2026-05-27,17,Bus Stop,Low,1,1.8868803320879795,Medium
R25233,2026-05-27,17,Bus Stop,Medium,2,1.8666468519802917,Medium
R10199,2026-05-27,17,Bus Stop,Low,1,1.8973537997262966,Medium
R20471,2026-05-27,17,Bus Stop,Medium,2,1.8892784704489873,Medium
R29193,2026-05-27,18,Bus Stop,Medium,2,1.8732844280975511,Medium
R16216,2026-05-27,20,Bus Stop,Low,1,1.1458591474013073,Low
R10289,2026-05-28,5,Bus Stop,Low,1,1.0,Low
R20399,2026-05-28,9,Bus Stop,Medium,2,1.7416183423157832,Medium
R22217,2026-05-28,11,Bus Stop,Low,1,1.0022675554152167,Low
R25484,2026-05-28,12,Bus Stop,Low,1,1.002883780423535,Low
R28899,2026-05-28,14,Bus Stop,Low,1,1.0022306025940564,Low
R28438,2026-05-28,14,Bus Stop,Low,1,1.008650484036619,Low
R13265,2026-05-28,16,Bus Stop,Low,1,1.1497321797030031,Low
R29306,2026-05-28,16,Bus Stop,Low,1,1.290712886556055,Low
R25661,2026-05-28,16,Bus Stop,Low,1,1.1360760491368542,Low
R11665,2026-05-28,17,Bus Stop,Medium,2,1.8724748006874932,Medium
R26635,2026-05-28,17,Bus Stop,Medium,2,1.9173233652886323,Medium
R26076,2026-05-28,17,Bus Stop,Medium,2,1.8171834944563432,Medium
R22970,2026-05-28,18,Bus Stop,Medium,2,1.8490551496887917,Medium
R10629,2026-05-28,19,Bus Stop,Medium,2,1.8917262622275657,Medium
R21831,2026-05-29,0,Bus Stop,Low,1,1.1339986428893498,Low
R21353,2026-05-29,6,Bus Stop,Low,1,1.055,Low
R23224,2026-05-29,7,Bus Stop,Low,1,1.067996892718893,Low
R13538,2026-05-29,7,Bus Stop,Low,1,1.048527851982012,Low
R14185,2026-05-29,8,Bus Stop,Medium,2,1.9588445979784261,Medium
R28584,2026-05-29,8,Bus Stop,Low,1,1.9650481211868416,Medium
R13765,2026-05-29,9,Bus Stop,Medium,2,1.844319305734534,Medium
R10827,2026-05-29,10,Bus Stop,Low,1,1.2359773894030956,Low
R23648,2026-05-29,11,Bus Stop,Low,1,1.0166485104575802,Low
R18488,2026-05-29,13,Bus Stop,Low,1,1.026298100297486,Low
R12586,2026-05-29,14,Bus Stop,Low,1,1.0090362721438375,Low
R12627,2026-05-29,14,Bus Stop,Low,1,1.0114134528219263,Low
R19334,2026-05-29,15,Bus Stop,Low,1,1.0078671179298055,Low
R19271,2026-05-29,17,Bus Stop,Low,1,1.8808340730695299,Medium
R15416,2026-05-29,18,Bus Stop,Medium,2,1.8456705278228935,Medium
R29669,2026-05-29,19,Bus Stop,Medium,2,1.8754316953395291,Medium
R19591,2026-05-30,6,Bus Stop,Low,1,1.0001785714285714,Low
R20598,2026-05-30,6,Bus Stop,Low,1,1.0,Low
R24652,2026-05-30,8,Bus Stop,Low,1,1.3313084290020418,Low
R20827,2026-05-30,14,Bus Stop,Low,1,1.0,Low
R27714,2026-05-30,16,Bus Stop,Low,1,1.0,Low
R14379,2026-05-30,16,Bus Stop,Low,1,1.0,Low
R13070,2026-05-30,16,Bus Stop,Low,1,1.0,Low
R20716,2026-05-30,17,Bus Stop,Low,1,1.2056973624563136,Low
R26642,2026-05-30,18,Bus Stop,Low,1,1.246804533547247,Low
R15562,2026-05-30,18,Bus Stop,Low,1,1.1729954511401781,Low
R10763,2026-05-31,2,Bus Stop,Low,1,1.0002015817901235,Low
R15536,2026-05-31,10,Bus Stop,Low,1,1.0182868506325697,Low
R17492,2026-05-31,13,Bus Stop,Low,1,1.0,Low
R24132,2026-05-31,13,Bus Stop,Low,1,1.0,Low
R27091,2026-05-31,17,Bus Stop,Low,1,1.2278060262969452,Low
R26651,2026-05-31,18,Bus Stop,Low,1,1.2272013807089466,Low
R16431,2026-05-31,20,Bus Stop,Low,1,1.0,Low
R10264,2026-06-01,3,Bus Stop,Low,1,1.0151123926470702,Low
R13702,2026-06-01,8,Bus Stop,Medium,2,1.883920621145319,Medium
R29325,2026-06-01,9,Bus Stop,Medium,2,1.879553698051387,Medium
R17762,2026-06-01,9,Bus Stop,Low,1,1.87905079679722,Medium
R12974,2026-06-01,9,Bus Stop,Medium,2,1.9220987904464701,Medium
R27470,2026-06-01,10,Bus Stop,Medium,2,1.1283287470863583,Low
R12210,2026-06-01,13,Bus Stop,Low,1,1.0072745525651792,Low
R19422,2026-06-01,13,Bus Stop,Low,1,1.0061705993227557,Low
R26280,2026-06-01,16,Bus Stop,Low,1,1.159238100001569,Low
R10015,2026-06-01,16,Bus Stop,Low,1,1.1408151201971035,Low
R11450,2026-06-01,17,Bus Stop,Low,1,1.798568592289099,Medium
R15322,2026-06-01,18,Bus Stop,Low,1,1.8797236129387227,Medium
R29170,2026-06-02,10,Bus Stop,Low,1,1.0985647729824803,Low
R26728,2026-06-02,10,Bus Stop,Low,1,1.165205635479129,Low
R28924,2026-06-02,10,Bus Stop,Low,1,1.1734503829836649,Low
R24580,2026-06-02,14,Bus Stop,Low,1,1.000947625769985,Low
R18418,2026-06-02,19,Bus Stop,Medium,2,1.9561142760306631,Medium
R17368,2026-06-02,19,Bus Stop,Medium,2,1.95856259305587,Medium
R25626,2026-06-02,21,Bus Stop,Low,1,1.0,Low
R21805,2026-06-03,8,Bus Stop,Medium,2,1.8302340492940163,Medium
R11811,2026-06-03,17,Bus Stop,Medium,2,1.8833864745629723,Medium
R16874,2026-06-03,17,Bus Stop,Medium,2,1.90879235279024,Medium
R11347,2026-06-03,17,Bus Stop,Medium,2,1.90879235279024,Medium
R22982,2026-06-03,18,Bus Stop,Medium,2,1.9075539104836507,Medium
R27085,2026-06-03,19,Bus Stop,Low,1,1.8941487007321214,Medium
R11312,2026-06-03,23,Bus Stop,Medium,2,1.0,Low
R21375,2026-06-04,7,Bus Stop,Low,1,1.147569443130158,Low
R22506,2026-06-04,7,Bus Stop,Low,1,1.128563467959925,Low
R28037,2026-06-04,9,Bus Stop,Low,1,1.8743193526315287,Medium
R14045,2026-06-04,11,Bus Stop,Low,1,1.008857421305038,Low
R28301,2026-06-04,12,Bus Stop,Low,1,1.0119233066744344,Low
R13560,2026-06-04,12,Bus Stop,Low,1,1.0051528570929509,Low
R27018,2026-06-04,16,Bus Stop,Low,1,1.301094596458397,Low
R12685,2026-06-04,17,Bus Stop,Medium,2,1.8421579085701947,Medium
R26577,2026-06-04,17,Bus Stop,Medium,2,1.9069285870417942,Medium
R17123,2026-06-04,17,Bus Stop,Medium,2,1.939281584020367,Medium
R14934,2026-06-04,20,Bus Stop,Medium,2,1.1002609733700424,Low
R20299,2026-06-05,0,Bus Stop,Low,1,1.0202040272023192,Low
R25939,2026-06-05,8,Bus Stop,Low,1,1.8628124132818287,Medium
R29480,2026-06-05,9,Bus Stop,Medium,2,1.9149211314238244,Medium
R28395,2026-06-05,13,Bus Stop,Low,1,1.0107126179532548,Low
R27050,2026-06-05,13,Bus Stop,Low,1,1.0044489088365547,Low
R23373,2026-06-05,16,Bus Stop,Low,1,1.2553352396941029,Low
R17570,2026-06-05,17,Bus Stop,Medium,2,1.8104835063891493,Medium
R19503,2026-06-05,17,Bus Stop,Low,1,1.8078135679734146,Medium
R14120,2026-06-05,19,Bus Stop,Low,1,1.8687721444137733,Medium
R28003,2026-06-06,2,Bus Stop,Low,1,1.0001234567901236,Low
R26342,2026-06-06,11,Bus Stop,Low,1,1.0,Low
R12660,2026-06-06,12,Bus Stop,Low,1,1.0,Low
R19340,2026-06-06,13,Bus Stop,Low,1,1.0,Low
R16995,2026-06-06,17,Bus Stop,Low,1,1.187646564645569,Low
R14643,2026-06-06,17,Bus Stop,Low,1,1.1809993455547896,Low
R12369,2026-06-07,8,Bus Stop,Low,1,1.164194137560352,Low
R24598,2026-06-07,8,Bus Stop,Medium,2,1.093335290277217,Low
R25909,2026-06-07,9,Bus Stop,Low,1,1.1853430936728528,Low
R26942,2026-06-07,11,Bus Stop,Low,1,1.0,Low
R13440,2026-06-07,11,Bus Stop,Low,1,1.0,Low
R22837,2026-06-07,13,Bus Stop,Low,1,1.0,Low
R20502,2026-06-07,16,Bus Stop,Low,1,1.0,Low
R11499,2026-06-07,16,Bus Stop,Low,1,1.0,Low
R24420,2026-06-07,17,Bus Stop,Low,1,1.2907036753211625,Low
R27764,2026-06-07,20,Bus Stop,Low,1,1.0,Low
R29547,2026-06-07,23,Bus Stop,Low,1,1.0,Low
R21735,2026-06-08,8,Bus Stop,Medium,2,1.9423981226002593,Medium
R26528,2026-06-08,9,Bus Stop,Medium,2,1.8961192678583731,Medium
R19006,2026-06-08,10,Bus Stop,Low,1,1.2346773779758156,Low
R27110,2026-06-08,10,Bus Stop,Medium,2,1.209537738148444,Low
R11449,2026-06-08,16,Bus Stop,Low,1,1.1478363245780234,Low
R25030,2026-06-08,19,Bus Stop,Medium,2,1.6661611948481294,Medium
R15510,2026-06-08,20,Bus Stop,Medium,2,1.1969096393137404,Low
R24211,2026-06-09,6,Bus Stop,Low,1,1.0005011520737326,Low
R20825,2026-06-09,7,Bus Stop,Low,1,1.0278962694354958,Low
R16194,2026-06-09,9,Bus Stop,Medium,2,1.9345828211955953,Medium
R19515,2026-06-09,10,Bus Stop,Low,1,1.063199205004628,Low
R20437,2026-06-09,10,Bus Stop,Low,1,1.0843047749409613,Low
R23698,2026-06-09,11,Bus Stop,Low,1,1.0035827936434882,Low
R14424,2026-06-09,16,Bus Stop,Medium,2,1.2467219558743587,Low
R10484,2026-06-09,16,Bus Stop,Low,1,1.14397440323699,Low
R20718,2026-06-09,19,Bus Stop,Low,1,1.8906840964798284,Medium
R11803,2026-06-09,20,Bus Stop,Low,1,1.2715786716477662,Low
R18205,2026-06-10,8,Bus Stop,High,3,1.8943453112949178,Medium
R20141,2026-06-10,8,Bus Stop,Low,1,1.9640590208956263,Medium
R13967,2026-06-10,8,Bus Stop,Low,1,1.8895968175920503,Medium
R23094,2026-06-10,9,Bus Stop,Medium,2,1.8975782455447585,Medium
R24753,2026-06-10,11,Bus Stop,Low,1,1.0036874768345772,Low
R18111,2026-06-10,11,Bus Stop,Low,1,1.0065548539314055,Low
R17078,2026-06-10,14,Bus Stop,Low,1,1.0096849978077649,Low
R18623,2026-06-10,16,Bus Stop,Low,1,1.1210589792542913,Low
R27569,2026-06-10,16,Bus Stop,Low,1,1.2101934091188056,Low
R10689,2026-06-10,17,Bus Stop,Medium,2,1.8622961721865736,Medium
R10283,2026-06-10,19,Bus Stop,Medium,2,1.8545070403987898,Medium
R26531,2026-06-10,19,Bus Stop,High,3,1.8770686764740427,Medium
R13759,2026-06-10,20,Bus Stop,Low,1,1.1541573928107565,Low
R26910,2026-06-10,22,Bus Stop,Low,1,1.005,Low
R23679,2026-06-11,6,Bus Stop,Low,1,1.0010390624999999,Low
R19808,2026-06-11,8,Bus Stop,Low,1,1.8549911718456118,Medium
R24807,2026-06-11,9,Bus Stop,Low,1,1.821136083545679,Medium
R15333,2026-06-11,9,Bus Stop,Medium,2,1.883045139548483,Medium
R26659,2026-06-11,17,Bus Stop,Medium,2,1.8901321643748037,Medium
R20059,2026-06-11,17,Bus Stop,Medium,2,1.9293184163341608,Medium
R17730,2026-06-11,17,Bus Stop,Medium,2,1.8380461983178618,Medium
R11727,2026-06-11,19,Bus Stop,High,3,1.9529822661081413,Medium
R11234,2026-06-11,21,Bus Stop,Low,1,1.0,Low
R26730,2026-06-12,7,Bus Stop,Low,1,1.0974472330108427,Low
R18934,2026-06-12,9,Bus Stop,Low,1,1.9993248896458116,Medium
R14056,2026-06-12,14,Bus Stop,Low,1,1.0051015170400583,Low
R25387,2026-06-12,14,Bus Stop,Low,1,1.0116648347097652,Low
R25575,2026-06-12,17,Bus Stop,Medium,2,1.9617685102689912,Medium
R19801,2026-06-12,18,Bus Stop,Medium,2,1.8996368803847627,Medium
R20003,2026-06-13,8,Bus Stop,Low,1,1.1174938914070955,Low
R10528,2026-06-13,8,Bus Stop,Low,1,1.1133378706884063,Low
R15061,2026-06-13,8,Bus Stop,Medium,2,1.1563947926733988,Low
R18039,2026-06-13,9,Bus Stop,Low,1,1.1730269049188642,Low
R20912,2026-06-13,11,Bus Stop,Low,1,1.0,Low
R17417,2026-06-13,12,Bus Stop,Low,1,1.0,Low
R28485,2026-06-13,12,Bus Stop,Low,1,1.0,Low
R15826,2026-06-13,17,Bus Stop,Low,1,1.1563595312474888,Low
R13526,2026-06-13,19,Bus Stop,Low,1,1.2517336592290542,Low
R23962,2026-06-13,21,Bus Stop,Low,1,1.0,Low
R23039,2026-06-14,0,Bus Stop,Low,1,1.0152015817901237,Low
R17972,2026-06-14,6,Bus Stop,Low,1,1.0,Low
R20484,2026-06-14,7,Bus Stop,Low,1,1.0,Low
R23737,2026-06-14,8,Bus Stop,Low,1,1.13458626672543,Low
R21661,2026-06-14,8,Bus Stop,Low,1,1.177908061539411,Low
R21884,2026-06-14,9,Bus Stop,Low,1,1.1263706356898804,Low
R14839,2026-06-14,10,Bus Stop,Low,1,1.003668147944949,Low
R23876,2026-06-14,14,Bus Stop,Low,1,1.0,Low
R27890,2026-06-14,15,Bus Stop,Low,1,1.0,Low
R22368,2026-06-14,16,Bus Stop,Low,1,1.0,Low
R28140,2026-06-14,17,Bus Stop,Low,1,1.109641632191028,Low
R16707,2026-06-14,20,Bus Stop,Low,1,1.0,Low
R25640,2026-06-14,20,Bus Stop,Low,1,1.0,Low
R15419,2026-06-15,8,Bus Stop,Medium,2,1.9013763986782515,Medium
R19721,2026-06-15,8,Bus Stop,Low,1,1.8224425849884127,Medium
R27154,2026-06-15,9,Bus Stop,High,3,1.9059258569391604,Medium
R13238,2026-06-15,9,Bus Stop,Low,1,1.9469170922623835,Medium
R28956,2026-06-15,9,Bus Stop,Medium,2,1.9018994224882,Medium
R15143,2026-06-15,10,Bus Stop,Low,1,1.148299087734508,Low
R11814,2026-06-15,11,Bus Stop,Low,1,1.0018183101850051,Low
R25600,2026-06-15,11,Bus Stop,Low,1,1.0018234435351525,Low
R17149,2026-06-15,13,Bus Stop,Low,1,1.0064628794960142,Low
R26374,2026-06-15,14,Bus Stop,Low,1,1.0033690818819176,Low
R21140,2026-06-15,16,Bus Stop,Low,1,1.1384757282985223,Low
R11763,2026-06-15,18,Bus Stop,High,3,1.8660157636731143,Medium
R24104,2026-06-15,21,Bus Stop,Low,1,1.0,Low
R19267,2026-06-16,8,Bus Stop,Low,1,1.9945804446416222,Medium
R24895,2026-06-16,8,Bus Stop,Medium,2,1.9229570716019497,Medium
R27071,2026-06-16,8,Bus Stop,Low,1,1.9108327696203573,Medium
R20720,2026-06-16,14,Bus Stop,Low,1,1.0182896063308384,Low
R20314,2026-06-16,18,Bus Stop,Medium,2,1.9416898489859031,Medium
R10633,2026-06-16,19,Bus Stop,Medium,2,1.9035877779119337,Medium
R26536,2026-06-16,20,Bus Stop,Low,1,1.2455605774984868,Low
R21311,2026-06-16,21,Bus Stop,Low,1,1.0,Low
R26867,2026-06-17,6,Bus Stop,Low,1,1.0,Low
R15812,2026-06-17,8,Bus Stop,Low,1,1.969296701364741,Medium
R12925,2026-06-17,10,Bus Stop,Low,1,1.116051017603188,Low
R23105,2026-06-17,14,Bus Stop,Low,1,1.009893083272384,Low
R22856,2026-06-17,14,Bus Stop,Low,1,1.0051347369970234,Low
R21781,2026-06-17,15,Bus Stop,Medium,2,1.0210511860288702,Low
R13157,2026-06-17,17,Bus Stop,Medium,2,1.8796966054321076,Medium
R25357,2026-06-17,18,Bus Stop,Medium,2,1.8895006725506414,Medium
R10230,2026-06-17,20,Bus Stop,Low,1,1.122834367742617,Low
R14984,2026-06-17,21,Bus Stop,Low,1,1.0000746268656717,Low
R17163,2026-06-18,7,Bus Stop,Low,1,1.0914411163944173,Low
R11160,2026-06-18,9,Bus Stop,High,3,1.7732462324564537,Medium
R19420,2026-06-18,10,Bus Stop,Low,1,1.3278637789698764,Low
R24519,2026-06-18,11,Bus Stop,Low,1,1.0076556302440698,Low
R12401,2026-06-18,12,Bus Stop,Low,1,1.0372196980833666,Low
R26065,2026-06-18,15,Bus Stop,Low,1,1.000921588039364,Low
R23662,2026-06-18,16,Bus Stop,Low,1,1.2992642924807487,Low
R24872,2026-06-18,18,Bus Stop,Medium,2,1.8953244136192404,Medium
R27969,2026-06-19,3,Bus Stop,Low,1,1.1245252514515671,Low
R11472,2026-06-19,6,Bus Stop,Low,1,1.0066190476190475,Low
R10031,2026-06-19,7,Bus Stop,Medium,2,1.0475950799986722,Low
R23718,2026-06-19,8,Bus Stop,Medium,2,1.8514054982921193,Medium
R14454,2026-06-19,12,Bus Stop,Low,1,1.0069975558827335,Low
R29958,2026-06-19,14,Bus Stop,Low,1,1.0083701831699698,Low
R27853,2026-06-19,17,Bus Stop,Medium,2,1.8999234385767805,Medium
R12181,2026-06-19,17,Bus Stop,Medium,2,1.8658601306984082,Medium
R28645,2026-06-19,17,Bus Stop,Medium,2,1.8655733938056887,Medium
R29556,2026-06-19,18,Bus Stop,High,3,1.8786505826566526,Medium
R25703,2026-06-19,18,Bus Stop,Medium,2,1.8666244694068086,Medium
R15176,2026-06-19,19,Bus Stop,Medium,2,1.8699834002406732,Medium
R14589,2026-06-19,19,Bus Stop,Low,1,1.8409515460552455,Medium
R16838,2026-06-20,8,Bus Stop,Low,1,1.2883034056086518,Low
R12967,2026-06-20,12,Bus Stop,Low,1,1.0,Low
R16749,2026-06-20,13,Bus Stop,Low,1,1.0,Low
R23286,2026-06-20,17,Bus Stop,Low,1,1.2206578737736011,Low
R18650,2026-06-20,17,Bus Stop,Low,1,1.3007129295610074,Low
R19505,2026-06-20,18,Bus Stop,Low,1,1.276151965391729,Low
R24856,2026-06-20,18,Bus Stop,Low,1,1.2037254210287525,Low
R24188,2026-06-20,21,Bus Stop,Low,1,1.0,Low
R21513,2026-06-20,21,Bus Stop,Low,1,1.0,Low
R27446,2026-06-21,5,Bus Stop,Low,1,1.0,Low
R24665,2026-06-21,10,Bus Stop,Low,1,1.0076221057005907,Low
R16368,2026-06-21,10,Bus Stop,Low,1,1.0074498981768034,Low
R16243,2026-06-21,13,Bus Stop,Low,1,1.0,Low
R28713,2026-06-21,14,Bus Stop,Low,1,1.0,Low
R12613,2026-06-21,15,Bus Stop,Low,1,1.0,Low
R20098,2026-06-21,15,Bus Stop,Low,1,1.0,Low
R25879,2026-06-21,15,Bus Stop,Low,1,1.0,Low
R25055,2026-06-21,16,Bus Stop,Low,1,1.0,Low
R14939,2026-06-21,16,Bus Stop,Low,1,1.0,Low
R18224,2026-06-21,20,Bus Stop,Low,1,1.0,Low
R19030,2026-06-21,20,Bus Stop,Low,1,1.0,Low
R29780,2026-06-22,8,Bus Stop,Medium,2,1.96217433070332,Medium
R11209,2026-06-22,8,Bus Stop,Medium,2,1.8086847912450827,Medium
R25967,2026-06-22,10,Bus Stop,Low,1,1.1130515360213598,Low
R22897,2026-06-22,13,Bus Stop,Low,1,1.0059434181891467,Low
R26569,2026-06-22,13,Bus Stop,Low,1,1.0059814665556237,Low
R13382,2026-06-22,15,Bus Stop,Low,1,1.0026956918463537,Low
R25462,2026-06-22,16,Bus Stop,Low,1,1.155894137805371,Low
R16560,2026-06-22,19,Bus Stop,Medium,2,1.6222125765924469,Medium
R28203,2026-06-22,20,Bus Stop,Low,1,1.1497681198609184,Low
R13535,2026-06-22,21,Bus Stop,Low,1,1.0,Low
R25128,2026-06-23,0,Bus Stop,Low,1,1.0013832209648625,Low
R23212,2026-06-23,11,Bus Stop,Low,1,1.0010765275930107,Low
R12109,2026-06-23,11,Bus Stop,Low,1,1.0002520423115326,Low
R17448,2026-06-23,12,Bus Stop,Low,1,1.0010334418676183,Low
R17667,2026-06-23,16,Bus Stop,Low,1,1.143267023023923,Low
R21027,2026-06-23,16,Bus Stop,Low,1,1.1275825063404783,Low
R22577,2026-06-23,17,Bus Stop,Medium,2,1.9789303823213056,Medium
R20615,2026-06-23,18,Bus Stop,Medium,2,1.93923491255076,Medium
R22128,2026-06-23,21,Bus Stop,Low,1,1.0,Low
R26367,2026-06-23,22,Bus Stop,Low,1,1.0,Low
R15664,2026-06-24,7,Bus Stop,Low,1,1.093801434525635,Low
R21445,2026-06-24,8,Bus Stop,Medium,2,1.8676047208888142,Medium
R27389,2026-06-24,9,Bus Stop,Medium,2,1.787071484586281,Medium
R17609,2026-06-24,11,Bus Stop,Low,1,1.0065418079983561,Low
R21068,2026-06-24,11,Bus Stop,Low,1,1.0074260275805864,Low
R19832,2026-06-24,12,Bus Stop,Low,1,1.0067979966557197,Low
R20374,2026-06-24,12,Bus Stop,Low,1,1.0056754734450006,Low
R21618,2026-06-24,15,Bus Stop,Low,1,1.0075138504862138,Low
R29093,2026-06-24,15,Bus Stop,Low,1,1.0075138504862138,Low
R20249,2026-06-24,16,Bus Stop,Low,1,1.2507278309479934,Low
R20101,2026-06-24,17,Bus Stop,High,3,1.8660905881874819,Medium
R24212,2026-06-24,18,Bus Stop,Medium,2,1.8525269350856755,Medium
R22109,2026-06-24,18,Bus Stop,Medium,2,1.8730839778123916,Medium
R13862,2026-06-24,20,Bus Stop,Low,1,1.1355417273362778,Low
R29019,2026-06-25,8,Bus Stop,Medium,2,1.8463943737959514,Medium
R26268,2026-06-25,8,Bus Stop,Medium,2,1.9038371512295793,Medium
R23368,2026-06-25,9,Bus Stop,Medium,2,1.9353525522086448,Medium
R29608,2026-06-25,10,Bus Stop,Low,1,1.1391760920745218,Low
R14033,2026-06-25,10,Bus Stop,Medium,2,1.174128802337026,Low
R14467,2026-06-25,11,Bus Stop,Low,1,1.0249069872428545,Low
R12861,2026-06-25,17,Bus Stop,Medium,2,1.8982598197261007,Medium
R14650,2026-06-25,19,Bus Stop,Medium,2,1.8508082069011687,Medium
R29423,2026-06-25,20,Bus Stop,Low,1,1.1338480215793032,Low
R28659,2026-06-25,21,Bus Stop,Low,1,1.0000746268656717,Low
R18989,2026-06-26,4,Bus Stop,Low,1,1.016034065934066,Low
R13752,2026-06-26,6,Bus Stop,Low,1,1.0000390625,Low
R17025,2026-06-26,8,Bus Stop,Medium,2,1.8571203961762577,Medium
R20650,2026-06-26,9,Bus Stop,Medium,2,1.9578385249972907,Medium
R18988,2026-06-26,10,Bus Stop,Low,1,1.1998222357618615,Low
R27354,2026-06-26,11,Bus Stop,Low,1,1.075794775800887,Low
R14350,2026-06-26,12,Bus Stop,Low,1,1.0054826451811925,Low
R25571,2026-06-26,14,Bus Stop,Low,1,1.0163501395032177,Low
R15178,2026-06-26,15,Bus Stop,Low,1,1.025540659004894,Low
R20254,2026-06-26,16,Bus Stop,Low,1,1.1838885830215327,Low
R17470,2026-06-26,17,Bus Stop,Medium,2,1.9452501851078225,Medium
R24172,2026-06-26,17,Bus Stop,Medium,2,1.790525043209159,Medium
R19189,2026-06-26,17,Bus Stop,Medium,2,1.8865989314593508,Medium
R29204,2026-06-26,19,Bus Stop,Medium,2,1.8592230783989259,Medium
R24435,2026-06-27,0,Bus Stop,Low,1,1.0052176339285714,Low
R22942,2026-06-27,8,Bus Stop,Low,1,1.1572065714089046,Low
R15028,2026-06-27,9,Bus Stop,Low,1,1.1848283257209573,Low
R21013,2026-06-27,12,Bus Stop,Low,1,1.0,Low
R20514,2026-06-27,13,Bus Stop,Low,1,1.0002000000000002,Low
R22720,2026-06-27,13,Bus Stop,Low,1,1.000041806020067,Low
R24552,2026-06-27,17,Bus Stop,Low,1,1.1708024155682082,Low
R10998,2026-06-27,18,Bus Stop,Low,1,1.1496571938233822,Low
R28862,2026-06-27,18,Bus Stop,Medium,2,1.2095712426757894,Low
R15257,2026-06-27,20,Bus Stop,Low,1,1.0,Low
R10816,2026-06-27,20,Bus Stop,Low,1,1.0,Low
R21784,2026-06-27,22,Bus Stop,Low,1,1.0,Low
R25820,2026-06-28,0,Bus Stop,Low,1,1.0052015817901236,Low
R26140,2026-06-28,7,Bus Stop,Low,1,1.0,Low
R11038,2026-06-28,8,Bus Stop,Low,1,1.1228780892806298,Low
R17728,2026-06-28,8,Bus Stop,Low,1,1.17272212015247,Low
R24511,2026-06-28,9,Bus Stop,Medium,2,1.1839629829387626,Low
R19148,2026-06-28,10,Bus Stop,Low,1,1.016709657682192,Low
R10941,2026-06-28,11,Bus Stop,Low,1,1.0,Low
R17526,2026-06-28,12,Bus Stop,Low,1,1.0,Low
R18180,2026-06-28,12,Bus Stop,Low,1,1.0,Low
R12615,2026-06-28,13,Bus Stop,Low,1,1.0,Low
R24472,2026-06-28,13,Bus Stop,Low,1,1.0,Low
R29901,2026-06-28,18,Bus Stop,Low,1,1.2173887657166491,Low
R28191,2026-06-28,18,Bus Stop,Low,1,1.240253028383895,Low
R10394,2026-06-29,7,Bus Stop,Low,1,1.089642199711709,Low
R22480,2026-06-29,8,Bus Stop,Medium,2,1.7089233760987341,Medium
R28469,2026-06-29,8,Bus Stop,Medium,2,1.9356108107690713,Medium
R23555,2026-06-29,8,Bus Stop,Medium,2,1.9383541945513978,Medium
R20875,2026-06-29,8,Bus Stop,Medium,2,1.8444397854202392,Medium
R12501,2026-06-29,8,Bus Stop,Low,1,1.818415968152663,Medium
R11178,2026-06-29,14,Bus Stop,Low,1,1.0033793262211657,Low
R25482,2026-06-29,17,Bus Stop,Medium,2,1.7962998641057157,Medium
R17247,2026-06-29,18,Bus Stop,Medium,2,1.83074498124247,Medium
R14461,2026-06-29,18,Bus Stop,High,3,1.827980519326218,Medium
R15377,2026-06-29,18,Bus Stop,Medium,2,1.8101740945747995,Medium
R28472,2026-06-29,18,Bus Stop,Medium,2,1.8534795784762546,Medium
R26674,2026-06-30,8,Bus Stop,Low,1,1.8184342377307912,Medium
R23356,2026-06-30,10,Bus Stop,Low,1,1.270838463135485,Low
R15963,2026-06-30,12,Bus Stop,Low,1,1.0279926882393498,Low
R24504,2026-06-30,14,Bus Stop,Low,1,1.0035591423378938,Low
R12487,2026-06-30,17,Bus Stop,Medium,2,2.049756622503524,Medium
R25902,2026-06-30,17,Bus Stop,Medium,2,1.9093868420685303,Medium
R15095,2026-06-30,18,Bus Stop,Low,1,2.0371155346235144,Medium
R22725,2026-06-30,19,Bus Stop,Medium,2,1.8988554941330467,Medium
R15683,2026-05-26,7,Canteen,Low,1,1.1318681764699772,Low
R14246,2026-05-26,7,Canteen,Low,1,1.2214645497610657,Low
R10587,2026-05-26,12,Canteen,Low,1,1.0028611715747782,Low
R28437,2026-05-26,12,Canteen,Low,1,1.0070960649890983,Low
R19419,2026-05-26,12,Canteen,Low,1,1.005280296547613,Low
R15540,2026-05-26,13,Canteen,Low,1,1.0079962234032345,Low
R22860,2026-05-26,13,Canteen,Low,1,1.0079962234032345,Low
R28518,2026-05-26,16,Canteen,Low,1,1.1859678953795667,Low
R12605,2026-05-26,16,Canteen,Low,1,1.2175149722623169,Low
R24875,2026-05-26,17,Canteen,Medium,2,1.9792526444065919,Medium
R10071,2026-05-26,18,Canteen,Medium,2,2.0587459070598597,Medium
R23255,2026-05-26,20,Canteen,Low,1,1.1621917588405086,Low
R22986,2026-05-26,21,Canteen,Low,1,1.0,Low
R25900,2026-05-27,0,Canteen,Low,1,1.0350641234054696,Low
R21608,2026-05-27,8,Canteen,Medium,2,1.9463403017092928,Medium
R19720,2026-05-27,9,Canteen,Medium,2,1.949189813206304,Medium
R13292,2026-05-27,9,Canteen,Medium,2,2.014922393017107,Medium
R12878,2026-05-27,9,Canteen,Low,1,2.023644047251777,Medium
R15275,2026-05-27,12,Canteen,Low,1,1.0977754149336925,Low
R10421,2026-05-27,13,Canteen,Low,1,1.0030617475174697,Low
R25015,2026-05-27,13,Canteen,Low,1,1.008924351508468,Low
R16319,2026-05-27,14,Canteen,Low,1,1.0022581742850962,Low
R25505,2026-05-27,15,Canteen,Low,1,1.00116768492463,Low
R12740,2026-05-27,16,Canteen,Medium,2,1.283315488428945,Low
R29464,2026-05-27,18,Canteen,Medium,2,1.869279848133517,Medium
R11864,2026-05-27,19,Canteen,Medium,2,1.872602041993271,Medium
R17545,2026-05-27,20,Canteen,Low,1,1.1224836827229694,Low
R11720,2026-05-27,21,Canteen,Low,1,1.0053571428571428,Low
R24751,2026-05-27,22,Canteen,Low,1,1.0,Low
R29345,2026-05-28,0,Canteen,Low,1,1.0135073366835035,Low
R26990,2026-05-28,7,Canteen,Medium,2,1.1298190627539526,Low
R20008,2026-05-28,7,Canteen,Medium,2,1.175923984657121,Low
R10226,2026-05-28,8,Canteen,Medium,2,1.950273113750697,Medium
R11377,2026-05-28,8,Canteen,Medium,2,1.950273113750697,Medium
R29001,2026-05-28,9,Canteen,Medium,2,1.9521676517932185,Medium
R24378,2026-05-28,9,Canteen,Medium,2,1.9530189117069794,Medium
R18697,2026-05-28,11,Canteen,Low,1,1.0639996855933924,Low
R28514,2026-05-28,11,Canteen,Low,1,1.0155868338035976,Low
R21389,2026-05-28,11,Canteen,Low,1,1.0020762421710934,Low
R27628,2026-05-28,15,Canteen,Low,1,1.0123393499355284,Low
R13036,2026-05-28,17,Canteen,Medium,2,1.928023720313468,Medium
R25540,2026-05-28,18,Canteen,Low,1,1.9639916286891943,Medium
R16703,2026-05-28,18,Canteen,Medium,2,1.9623828869980522,Medium
R25839,2026-05-29,0,Canteen,Low,1,1.123939019498166,Low
R20687,2026-05-29,8,Canteen,Medium,2,2.0736098288083595,Medium
R25293,2026-05-29,11,Canteen,Low,1,1.0659357337085786,Low
R16149,2026-05-29,12,Canteen,Low,1,1.023677247150343,Low
R12333,2026-05-29,13,Canteen,Low,1,1.007218037739817,Low
R17144,2026-05-29,16,Canteen,Low,1,1.2387775181638991,Low
R24027,2026-05-29,16,Canteen,Medium,2,1.239450647616012,Low
R18970,2026-05-29,18,Canteen,Medium,2,1.94745224813159,Medium
R15348,2026-05-29,19,Canteen,Medium,2,1.9454049589841094,Medium
R22437,2026-05-29,20,Canteen,Low,1,1.172953927566342,Low
R16979,2026-05-29,20,Canteen,Low,1,1.1869061316672853,Low
R26515,2026-05-29,21,Canteen,Low,1,1.0,Low
R21199,2026-05-30,0,Canteen,Low,1,1.0104099151234567,Low
R29792,2026-05-30,7,Canteen,Low,1,1.0,Low
R16862,2026-05-30,8,Canteen,Medium,2,1.1037702102398697,Low
R23310,2026-05-30,9,Canteen,Low,1,1.4303623748963004,Low
R25350,2026-05-30,9,Canteen,Medium,2,1.2179251018669364,Low
R26136,2026-05-30,11,Canteen,Low,1,1.0,Low
R26054,2026-05-30,13,Canteen,Low,1,1.0,Low
R23450,2026-05-30,18,Canteen,Low,1,1.1112331603824561,Low
R11812,2026-05-30,18,Canteen,Medium,2,1.1182464648236141,Low
R19922,2026-05-30,19,Canteen,Medium,2,1.1486924423443838,Low
R29119,2026-05-30,21,Canteen,Low,1,1.0,Low
R27083,2026-05-30,21,Canteen,Low,1,1.0,Low
R25729,2026-05-31,6,Canteen,Low,1,1.0,Low
R16514,2026-05-31,6,Canteen,Low,1,1.0,Low
R15971,2026-05-31,8,Canteen,Low,1,1.219873686503879,Low
R11137,2026-05-31,10,Canteen,Low,1,1.0065490537418318,Low
R18785,2026-05-31,11,Canteen,Low,1,1.0,Low
R12649,2026-05-31,13,Canteen,Low,1,1.0,Low
R18865,2026-05-31,14,Canteen,Low,1,1.0,Low
R24950,2026-05-31,15,Canteen,Low,1,1.0,Low
R16365,2026-05-31,16,Canteen,Low,1,1.0,Low
R21528,2026-05-31,18,Canteen,Low,1,1.3524616515886638,Low
R10139,2026-05-31,19,Canteen,Low,1,1.2389968899751385,Low
R27979,2026-06-01,6,Canteen,Low,1,1.011,Low
R28740,2026-06-01,7,Canteen,Medium,2,1.1740753660346237,Low
R10924,2026-06-01,8,Canteen,Medium,2,2.0172393571590335,Medium
R24853,2026-06-01,8,Canteen,Medium,2,1.9711384021096185,Medium
R27899,2026-06-01,9,Canteen,High,3,1.969087908968077,Medium
R20139,2026-06-01,10,Canteen,Low,1,1.1335462323297556,Low
R10990,2026-06-01,10,Canteen,Low,1,1.1392294003887133,Low
R12217,2026-06-01,12,Canteen,Low,1,1.0030521301427258,Low
R10931,2026-06-01,12,Canteen,Low,1,1.0156264509330137,Low
R16241,2026-06-01,15,Canteen,Low,1,1.0247965283353577,Low
R16133,2026-06-01,17,Canteen,High,3,1.8462665477281512,Medium
R10486,2026-06-01,17,Canteen,Low,1,1.8067764225930671,Medium
R28682,2026-06-01,17,Canteen,High,3,1.89861150860953,Medium
R10673,2026-06-01,17,Canteen,Medium,2,1.759691991781249,Medium
R20660,2026-06-01,19,Canteen,Medium,2,1.8361050607808511,Medium
R23456,2026-06-02,6,Canteen,Low,1,1.0,Low
R14563,2026-06-02,7,Canteen,Low,1,1.1957949401455479,Low
R19049,2026-06-02,8,Canteen,Medium,2,1.8862224512214865,Medium
R14200,2026-06-02,10,Canteen,Low,1,1.5071419908435828,Medium
R18054,2026-06-02,11,Canteen,Low,1,1.007123744667265,Low
R17625,2026-06-02,12,Canteen,Low,1,1.0032165752701174,Low
R24631,2026-06-02,16,Canteen,Low,1,1.2358914874568259,Low
R18987,2026-06-02,16,Canteen,Low,1,1.1959123841858397,Low
R13873,2026-06-02,17,Canteen,Medium,2,1.8259406861319516,Medium
R21241,2026-06-02,18,Canteen,Medium,2,1.8462425550398394,Medium
R16573,2026-06-02,18,Canteen,Medium,2,1.9019559637714973,Medium
R29175,2026-06-02,20,Canteen,Low,1,1.1574461607460937,Low
R25743,2026-06-02,20,Canteen,Low,1,1.2245510526261938,Low
R20913,2026-06-03,7,Canteen,Medium,2,1.2245117788427897,Low
R10865,2026-06-03,7,Canteen,Low,1,1.1614608037908567,Low
R13038,2026-06-03,8,Canteen,Medium,2,1.9811176293845252,Medium
R21718,2026-06-03,9,Canteen,High,3,2.04640414871751,Medium
R29438,2026-06-03,10,Canteen,Medium,2,1.253447543954372,Low
R16008,2026-06-03,10,Canteen,Low,1,1.4937217495103738,Low
R18719,2026-06-03,11,Canteen,Low,1,1.0009783897284914,Low
R26178,2026-06-03,12,Canteen,Low,1,1.0012773962352923,Low
R11380,2026-06-03,14,Canteen,Low,1,1.00387103140558,Low
R18380,2026-06-03,15,Canteen,Low,1,1.0010688688589453,Low
R21301,2026-06-03,17,Canteen,Medium,2,1.8963703066112916,Medium
R27887,2026-06-03,17,Canteen,Low,1,1.9864528582876853,Medium
R13447,2026-06-03,17,Canteen,High,3,1.8605745328363796,Medium
R13991,2026-06-03,17,Canteen,Medium,2,1.8989700150061646,Medium
R12212,2026-06-03,18,Canteen,Medium,2,1.894313776327791,Medium
R24932,2026-06-03,18,Canteen,Medium,2,1.950122567481465,Medium
R29755,2026-06-03,23,Canteen,Low,1,1.0552142857142857,Low
R26236,2026-06-04,6,Canteen,Low,1,1.0,Low
R22802,2026-06-04,9,Canteen,Medium,2,2.063118644277897,Medium
R14037,2026-06-04,9,Canteen,Medium,2,1.9021433099027414,Medium
R13351,2026-06-04,11,Canteen,Low,1,1.0091371811586218,Low
R20090,2026-06-04,13,Canteen,Low,1,1.0034544853710445,Low
R17925,2026-06-04,14,Canteen,Low,1,1.0024042407593257,Low
R19038,2026-06-04,16,Canteen,Low,1,1.0606444618897122,Low
R13448,2026-06-04,17,Canteen,Medium,2,1.8341117528124355,Medium
R24274,2026-06-04,17,Canteen,Medium,2,2.1266570806696503,Medium
R18920,2026-06-04,17,Canteen,Low,1,2.0835607434571846,Medium
R12947,2026-06-04,18,Canteen,Medium,2,2.1236852185166906,Medium
R19083,2026-06-04,18,Canteen,Medium,2,2.039772621608847,Medium
R26733,2026-06-04,18,Canteen,Medium,2,2.2129675283368573,Medium
R20119,2026-06-05,0,Canteen,Low,1,1.0495364691686544,Low
R26468,2026-06-05,7,Canteen,Medium,2,1.1049616283603734,Low
R29176,2026-06-05,7,Canteen,Medium,2,1.0953682671350753,Low
R14972,2026-06-05,7,Canteen,Medium,2,1.0948541795937559,Low
R22188,2026-06-05,7,Canteen,Low,1,1.113229047842178,Low
R22925,2026-06-05,9,Canteen,Low,1,2.1261231011969,Medium
R19059,2026-06-05,10,Canteen,Low,1,1.2897699114362717,Low
R17085,2026-06-05,10,Canteen,Low,1,1.2360069687240367,Low
R22771,2026-06-05,12,Canteen,Low,1,1.0207372365201608,Low
R14345,2026-06-05,13,Canteen,Low,1,1.0212669245046015,Low
R17939,2026-06-05,14,Canteen,Low,1,1.0292884506356004,Low
R12446,2026-06-05,14,Canteen,Low,1,1.0219764394510442,Low
R25965,2026-06-05,14,Canteen,Low,1,1.089461495121613,Low
R29623,2026-06-05,15,Canteen,Low,1,1.1193496004490775,Low
R20181,2026-06-05,16,Canteen,Low,1,1.1792691176069159,Low
R26307,2026-06-05,17,Canteen,Medium,2,1.8162787490673968,Medium
R20651,2026-06-05,17,Canteen,High,3,2.033609810091729,Medium
R18748,2026-06-05,18,Canteen,Medium,2,1.9209991121320178,Medium
R16187,2026-06-05,19,Canteen,Medium,2,1.9216890489427714,Medium
R20480,2026-06-05,20,Canteen,Medium,2,1.1679866186101113,Low
R22169,2026-06-05,23,Canteen,Low,1,1.1249317697228145,Low
R14339,2026-06-06,8,Canteen,Low,1,1.1287335537682268,Low
R25340,2026-06-06,9,Canteen,Low,1,1.2145520364816669,Low
R14696,2026-06-06,10,Canteen,Low,1,1.0015919413919412,Low
R28593,2026-06-06,10,Canteen,Low,1,1.012711729369464,Low
R25872,2026-06-06,11,Canteen,Low,1,1.000041806020067,Low
R24886,2026-06-06,13,Canteen,Low,1,1.000041806020067,Low
R20218,2026-06-06,13,Canteen,Low,1,1.000041806020067,Low
R25351,2026-06-06,15,Canteen,Low,1,1.000041806020067,Low
R29473,2026-06-06,16,Canteen,Low,1,1.0,Low
R18218,2026-06-06,16,Canteen,Low,1,1.0,Low
R15938,2026-06-06,16,Canteen,Low,1,1.0,Low
R20933,2026-06-06,17,Canteen,Low,1,1.148162316345451,Low
R13894,2026-06-06,17,Canteen,Low,1,1.159651066887321,Low
R23157,2026-06-06,17,Canteen,Low,1,1.2304538173084165,Low
R26118,2026-06-06,18,Canteen,Low,1,1.3460578351283525,Low
R11807,2026-06-07,0,Canteen,Low,1,1.0,Low
R18700,2026-06-07,7,Canteen,Low,1,1.0,Low
R27826,2026-06-07,7,Canteen,Low,1,1.0,Low
R15345,2026-06-07,8,Canteen,Low,1,1.216029614015168,Low
R25494,2026-06-07,8,Canteen,Low,1,1.2573867530344989,Low
R11299,2026-06-07,9,Canteen,Low,1,1.2283850843879274,Low
R27501,2026-06-07,9,Canteen,Low,1,1.2488639685431588,Low
R16358,2026-06-07,10,Canteen,Low,1,1.0085310997741272,Low
R15653,2026-06-07,12,Canteen,Low,1,1.0,Low
R14884,2026-06-07,15,Canteen,Low,1,1.0,Low
R26013,2026-06-07,15,Canteen,Low,1,1.0,Low
R19178,2026-06-07,16,Canteen,Low,1,1.0,Low
R19735,2026-06-07,16,Canteen,Low,1,1.0,Low
R28164,2026-06-07,20,Canteen,Low,1,1.0,Low
R12754,2026-06-08,7,Canteen,Low,1,1.1366817217766398,Low
R23048,2026-06-08,8,Canteen,Medium,2,1.8897087266512176,Medium
R12074,2026-06-08,9,Canteen,Medium,2,1.9788833190538968,Medium
R15733,2026-06-08,9,Canteen,Medium,2,1.945323447331447,Medium
R27702,2026-06-08,10,Canteen,Low,1,1.1110111325253547,Low
R29745,2026-06-08,10,Canteen,Medium,2,1.1236640437991423,Low
R12439,2026-06-08,11,Canteen,Low,1,1.0100315771855282,Low
R20446,2026-06-08,11,Canteen,Low,1,1.0449906482890556,Low
R22205,2026-06-08,13,Canteen,Low,1,1.0016046626648223,Low
R28590,2026-06-08,13,Canteen,Low,1,1.0048142246368936,Low
R15729,2026-06-08,16,Canteen,Low,1,1.1910656270484885,Low
R12551,2026-06-08,17,Canteen,Medium,2,1.8140906077992318,Medium
R28998,2026-06-08,17,Canteen,High,3,1.8238784452228203,Medium
R25901,2026-06-08,18,Canteen,Medium,2,1.8644197641654594,Medium
R23223,2026-06-08,18,Canteen,Low,1,1.8588102162211106,Medium
R17488,2026-06-08,18,Canteen,Medium,2,1.948318249381677,Medium
R29791,2026-06-08,21,Canteen,Low,1,1.0120238095238094,Low
R16658,2026-06-09,7,Canteen,Low,1,1.0541173009106892,Low
R13695,2026-06-09,7,Canteen,Low,1,1.08195954165405,Low
R24693,2026-06-09,8,Canteen,High,3,1.9625803653933178,Medium
R14894,2026-06-09,8,Canteen,Medium,2,1.8796679160799037,Medium
R12490,2026-06-09,10,Canteen,Low,1,1.1662258403885823,Low
R17832,2026-06-09,11,Canteen,Low,1,1.011391521132838,Low
R26706,2026-06-09,11,Canteen,Low,1,1.0137900792603387,Low
R10253,2026-06-09,12,Canteen,Low,1,1.0098199168412507,Low
R11558,2026-06-09,12,Canteen,Low,1,1.0098279549833502,Low
R21388,2026-06-09,13,Canteen,Low,1,1.0064564733825252,Low
R16274,2026-06-09,13,Canteen,Low,1,1.026718545162488,Low
R17346,2026-06-09,13,Canteen,Low,1,1.0037977564868503,Low
R29661,2026-06-09,14,Canteen,Low,1,1.0086131988473819,Low
R26841,2026-06-09,15,Canteen,Low,1,1.015520869450359,Low
R22517,2026-06-09,17,Canteen,Medium,2,1.9242840385186324,Medium
R20981,2026-06-09,17,Canteen,Medium,2,1.9669197391374433,Medium
R28488,2026-06-09,18,Canteen,High,3,1.9997521547098436,Medium
R26168,2026-06-10,8,Canteen,Medium,2,2.0284823993137198,Medium
R19562,2026-06-10,8,Canteen,Low,1,1.9276088837188403,Medium
R23220,2026-06-10,9,Canteen,Medium,2,2.02184241900252,Medium
R29954,2026-06-10,9,Canteen,Medium,2,1.915605798903301,Medium
R17264,2026-06-10,9,Canteen,Medium,2,1.8893133679240572,Medium
R29848,2026-06-10,9,Canteen,Low,1,1.7793567810956967,Medium
R15945,2026-06-10,10,Canteen,Low,1,1.0794971812643954,Low
R21458,2026-06-10,12,Canteen,Low,1,1.0052888948912364,Low
R15224,2026-06-10,15,Canteen,Low,1,1.199611805113758,Low
R27194,2026-06-10,15,Canteen,Low,1,1.0133436959998487,Low
R12067,2026-06-10,15,Canteen,Low,1,1.0134537054000774,Low
R10356,2026-06-10,16,Canteen,Low,1,1.1612042758457886,Low
R24034,2026-06-10,16,Canteen,Low,1,1.2132005966254622,Low
R16076,2026-06-10,16,Canteen,Low,1,1.1205016774348768,Low
R12005,2026-06-10,17,Canteen,Low,1,1.9213988140273615,Medium
R20410,2026-06-10,17,Canteen,Medium,2,1.9185074246476443,Medium
R12100,2026-06-10,17,Canteen,Medium,2,1.9168710061518095,Medium
R23213,2026-06-10,18,Canteen,Low,1,2.017940138962608,Medium
R22052,2026-06-11,6,Canteen,Low,1,1.0,Low
R25708,2026-06-11,6,Canteen,Low,1,1.0,Low
R17107,2026-06-11,6,Canteen,Low,1,1.0,Low
R22281,2026-06-11,8,Canteen,Low,1,1.9330581672087748,Medium
R11169,2026-06-11,9,Canteen,Low,1,1.9954322216287899,Medium
R28529,2026-06-11,11,Canteen,Low,1,1.0018355413426143,Low
R13869,2026-06-11,11,Canteen,Low,1,1.0018355413426143,Low
R13744,2026-06-11,11,Canteen,Low,1,1.0012256594399151,Low
R28689,2026-06-11,12,Canteen,Low,1,1.0024582824098502,Low
R20673,2026-06-11,13,Canteen,Low,1,1.0024558380220152,Low
R21860,2026-06-11,13,Canteen,Low,1,1.0047274257704075,Low
R26506,2026-06-11,13,Canteen,Low,1,1.0025304662415457,Low
R23431,2026-06-11,16,Canteen,Low,1,1.187540004192819,Low
R29550,2026-06-11,17,Canteen,Medium,2,1.9195149975537333,Medium
R27616,2026-06-11,18,Canteen,Low,1,2.0035657276468197,Medium
R16438,2026-06-11,18,Canteen,Low,1,1.894196790609908,Medium
R25590,2026-06-11,18,Canteen,Medium,2,1.88222102705542,Medium
R17677,2026-06-11,19,Canteen,Medium,2,1.9481618418391655,Medium
R17824,2026-06-11,19,Canteen,Medium,2,1.8919300320473598,Medium
R16716,2026-06-11,20,Canteen,Low,1,1.1736538711751898,Low
R11253,2026-06-11,23,Canteen,Low,1,1.0533333333333332,Low
R17878,2026-06-12,2,Canteen,Low,1,1.0117936491688442,Low
R17648,2026-06-12,8,Canteen,Medium,2,1.9978283611980006,Medium
R14251,2026-06-12,8,Canteen,Medium,2,2.0274116472134085,Medium
R22005,2026-06-12,8,Canteen,Medium,2,1.9898749417227646,Medium
R12355,2026-06-12,8,Canteen,High,3,1.9186977083700283,Medium
R13606,2026-06-12,9,Canteen,Low,1,2.06279518210471,Medium
R18769,2026-06-12,9,Canteen,Low,1,1.9582353938966575,Medium
R14435,2026-06-12,10,Canteen,Low,1,1.1503496290657813,Low
R28746,2026-06-12,10,Canteen,Medium,2,1.1974247993973561,Low
R18819,2026-06-12,12,Canteen,Low,1,1.1182663710402552,Low
R28026,2026-06-12,12,Canteen,Low,1,1.005504787660922,Low
R23493,2026-06-12,12,Canteen,Low,1,1.076956142744458,Low
R11655,2026-06-12,14,Canteen,Low,1,1.1492947591389273,Low
R26794,2026-06-12,15,Canteen,Low,1,1.194627106768887,Low
R16340,2026-06-12,16,Canteen,Low,1,1.227806769726704,Low
R25073,2026-06-12,17,Canteen,Medium,2,1.947836983234215,Medium
R15467,2026-06-12,17,Canteen,Medium,2,1.8625161985526468,Medium
R10992,2026-06-12,18,Canteen,Medium,2,1.8187678776249299,Medium
R24834,2026-06-12,18,Canteen,Medium,2,1.8775852034315852,Medium
R27157,2026-06-12,18,Canteen,Medium,2,1.8535320062737057,Medium
R12814,2026-06-12,19,Canteen,Medium,2,1.858334171165466,Medium
R13380,2026-06-13,7,Canteen,Low,1,1.0,Low
R21773,2026-06-13,8,Canteen,Low,1,1.1855898136287433,Low
R29082,2026-06-13,8,Canteen,Medium,2,1.2814622890127305,Low
R17477,2026-06-13,8,Canteen,Low,1,1.236371308008189,Low
R26533,2026-06-13,8,Canteen,Low,1,1.2631861513666218,Low
R22045,2026-06-13,9,Canteen,Medium,2,1.3680886834600738,Low
R25611,2026-06-13,10,Canteen,Low,1,1.019391007736067,Low
R14420,2026-06-13,12,Canteen,Low,1,1.0001013298295909,Low
R12267,2026-06-13,16,Canteen,Low,1,1.0,Low
R26541,2026-06-13,16,Canteen,Low,1,1.0,Low
R19615,2026-06-13,16,Canteen,Low,1,1.0,Low
R20544,2026-06-13,16,Canteen,Low,1,1.0,Low
R26592,2026-06-13,17,Canteen,Medium,2,1.2595595379408997,Low
R25874,2026-06-13,17,Canteen,Low,1,1.286291402040257,Low
R12162,2026-06-13,17,Canteen,Low,1,1.2514368586617437,Low
R19313,2026-06-13,18,Canteen,Low,1,1.3147187267983798,Low
R11954,2026-06-13,19,Canteen,Medium,2,1.5200824325762219,Medium
R13835,2026-06-14,8,Canteen,Low,1,1.3403712637327765,Low
R27683,2026-06-14,9,Canteen,Medium,2,1.1851254763614147,Low
R23517,2026-06-14,9,Canteen,Low,1,1.1842772541361513,Low
R14022,2026-06-14,9,Canteen,Low,1,1.1565857654354808,Low
R29420,2026-06-14,12,Canteen,Low,1,1.0,Low
R26383,2026-06-14,12,Canteen,Low,1,1.0,Low
R22881,2026-06-14,14,Canteen,Low,1,1.0,Low
R26148,2026-06-14,14,Canteen,Low,1,1.0,Low
R16622,2026-06-14,18,Canteen,Low,1,1.1160121164970478,Low
R27359,2026-06-14,19,Canteen,Low,1,1.1947473940889737,Low
R29705,2026-06-14,22,Canteen,Low,1,1.0,Low
R17216,2026-06-15,7,Canteen,Medium,2,1.182081085887116,Low
R22817,2026-06-15,8,Canteen,High,3,2.128847068750776,Medium
R11290,2026-06-15,9,Canteen,Medium,2,2.077325063479179,Medium
R23946,2026-06-15,10,Canteen,Low,1,1.134104706623225,Low
R10641,2026-06-15,12,Canteen,Low,1,1.0087371867645119,Low
R16955,2026-06-15,12,Canteen,Low,1,1.069347206252786,Low
R29557,2026-06-15,13,Canteen,Low,1,1.003133871858739,Low
R17403,2026-06-15,13,Canteen,Low,1,1.0081338718587392,Low
R27788,2026-06-15,14,Canteen,Low,1,1.1154678444060144,Low
R20761,2026-06-15,17,Canteen,Medium,2,1.9365424026914713,Medium
R10604,2026-06-15,18,Canteen,Medium,2,1.877876784829141,Medium
R27873,2026-06-15,19,Canteen,Medium,2,1.8492385341351,Medium
R11625,2026-06-15,19,Canteen,Medium,2,1.8805985210746303,Medium
R28536,2026-06-15,20,Canteen,Low,1,1.2356198548036113,Low
R29642,2026-06-15,22,Canteen,Low,1,1.04,Low
R25380,2026-06-15,23,Canteen,Low,1,1.09,Low
R24965,2026-06-16,7,Canteen,Low,1,1.039273044764382,Low
R25159,2026-06-16,7,Canteen,Medium,2,1.1383111323319186,Low
R12900,2026-06-16,10,Canteen,Medium,2,1.2031945531320276,Low
R29242,2026-06-16,13,Canteen,Low,1,1.0455531539903813,Low
R23670,2026-06-16,13,Canteen,Low,1,1.007498281034479,Low
R15748,2026-06-16,14,Canteen,Low,1,1.0495241041144516,Low
R17690,2026-06-16,15,Canteen,Low,1,1.0065747755753234,Low
R12254,2026-06-16,16,Canteen,Medium,2,1.1914309469816768,Low
R15396,2026-06-16,17,Canteen,Medium,2,1.9535230218681239,Medium
R26523,2026-06-16,18,Canteen,Medium,2,1.9944252229951058,Medium
R24205,2026-06-16,18,Canteen,Medium,2,2.0542737064573777,Medium
R24203,2026-06-16,20,Canteen,Low,1,1.148507569958966,Low
R16463,2026-06-17,4,Canteen,Low,1,1.0016054945054946,Low
R29699,2026-06-17,4,Canteen,Low,1,1.0069196143479164,Low
R10500,2026-06-17,8,Canteen,Medium,2,1.9105877945179233,Medium
R24401,2026-06-17,9,Canteen,High,3,1.9754287208356258,Medium
R25551,2026-06-17,10,Canteen,Low,1,1.3430139711915523,Low
R28116,2026-06-17,10,Canteen,Low,1,1.1855077479871337,Low
R23512,2026-06-17,11,Canteen,Low,1,1.0177692171251183,Low
R29117,2026-06-17,12,Canteen,Low,1,1.011891022538149,Low
R28633,2026-06-17,12,Canteen,Low,1,1.0087730762598486,Low
R29714,2026-06-17,12,Canteen,Low,1,1.0049873424077964,Low
R17327,2026-06-17,13,Canteen,Low,1,1.0207552400637474,Low
R22358,2026-06-17,15,Canteen,Low,1,1.0193779166420667,Low
R13654,2026-06-17,15,Canteen,Low,1,1.027711969528822,Low
R10413,2026-06-17,17,Canteen,High,3,1.913393412174022,Medium
R14641,2026-06-17,18,Canteen,Medium,2,1.8994879235990032,Medium
R27365,2026-06-17,22,Canteen,Low,1,1.004868999160044,Low
R29814,2026-06-18,11,Canteen,Low,1,1.096169068388433,Low
R29344,2026-06-18,12,Canteen,Low,1,1.0081078494174858,Low
R21888,2026-06-18,13,Canteen,Low,1,1.020081913863378,Low
R19766,2026-06-18,19,Canteen,Low,1,1.9470506816708508,Medium
R25404,2026-06-18,19,Canteen,Medium,2,1.9069218284095155,Medium
R19411,2026-06-19,7,Canteen,Low,1,1.3452760237298764,Low
R23588,2026-06-19,9,Canteen,Medium,2,1.9707070730610348,Medium
R10395,2026-06-19,11,Canteen,Low,1,1.0091518277919713,Low
R23002,2026-06-19,13,Canteen,Low,1,1.0089850543136725,Low
R25063,2026-06-19,14,Canteen,Low,1,1.0415277042844189,Low
R16708,2026-06-19,15,Canteen,Low,1,1.035747164006528,Low
R28974,2026-06-19,15,Canteen,Low,1,1.1066994316669605,Low
R12863,2026-06-19,16,Canteen,Low,1,1.1148470075947343,Low
R21938,2026-06-19,17,Canteen,Medium,2,1.8557228813984716,Medium
R16141,2026-06-19,18,Canteen,Low,1,1.8154008687477057,Medium
R17900,2026-06-19,19,Canteen,Medium,2,1.924745988565459,Medium
R15415,2026-06-19,22,Canteen,Low,1,1.0,Low
R25605,2026-06-20,5,Canteen,Low,1,1.0,Low
R11119,2026-06-20,7,Canteen,Low,1,1.0,Low
R20930,2026-06-20,8,Canteen,Low,1,1.1539412513349248,Low
R24922,2026-06-20,9,Canteen,Medium,2,1.2548921565735898,Low
R17423,2026-06-20,10,Canteen,Low,1,1.022414155274217,Low
R26391,2026-06-20,11,Canteen,Low,1,1.0,Low
R12043,2026-06-20,11,Canteen,Low,1,1.0,Low
R19214,2026-06-20,11,Canteen,Low,1,1.0,Low
R20558,2026-06-20,16,Canteen,Low,1,1.0,Low
R23529,2026-06-20,17,Canteen,Low,1,1.20934067682754,Low
R27163,2026-06-20,18,Canteen,Low,1,1.24358582738653,Low
R11456,2026-06-20,18,Canteen,Medium,2,1.3434153795461874,Low
R13392,2026-06-21,7,Canteen,Low,1,1.0,Low
R21849,2026-06-21,7,Canteen,Low,1,1.0,Low
R10203,2026-06-21,8,Canteen,Medium,2,1.14234121237696,Low
R11929,2026-06-21,9,Canteen,Low,1,1.1945027271514383,Low
R21293,2026-06-21,9,Canteen,Medium,2,1.1803936732668854,Low
R26028,2026-06-21,10,Canteen,Low,1,1.008515690403486,Low
R25485,2026-06-21,11,Canteen,Low,1,1.0,Low
R23570,2026-06-21,11,Canteen,Low,1,1.0,Low
R25857,2026-06-21,12,Canteen,Low,1,1.0,Low
R19843,2026-06-21,16,Canteen,Low,1,1.0,Low
R13046,2026-06-21,16,Canteen,Low,1,1.0,Low
R10117,2026-06-21,16,Canteen,Low,1,1.0,Low
R29450,2026-06-21,17,Canteen,Low,1,1.2309590198052138,Low
R12534,2026-06-21,17,Canteen,Medium,2,1.1858865823521538,Low
R27695,2026-06-21,18,Canteen,Low,1,1.3988028296304378,Low
R10319,2026-06-21,19,Canteen,Low,1,1.1859418884169752,Low
R13194,2026-06-21,20,Canteen,Low,1,1.0,Low
R27023,2026-06-21,20,Canteen,Low,1,1.0,Low
R27309,2026-06-21,20,Canteen,Low,1,1.0,Low
R25032,2026-06-22,1,Canteen,Low,1,1.0896894267235235,Low
R11496,2026-06-22,8,Canteen,Medium,2,1.8949987114579128,Medium
R27093,2026-06-22,10,Canteen,Medium,2,1.2285961038425048,Low
R28372,2026-06-22,10,Canteen,Low,1,1.2418417450181802,Low
R27981,2026-06-22,12,Canteen,Low,1,1.0118821825305404,Low
R23706,2026-06-22,14,Canteen,Low,1,1.0277506935165897,Low
R10372,2026-06-22,17,Canteen,High,3,1.882566921298413,Medium
R12758,2026-06-22,17,Canteen,Medium,2,1.812600378518002,Medium
R17623,2026-06-22,22,Canteen,Low,1,1.0,Low
R18532,2026-06-22,23,Canteen,Low,1,1.0891071428571428,Low
R28561,2026-06-23,4,Canteen,Low,1,1.0718280751506557,Low
R25021,2026-06-23,6,Canteen,Low,1,1.01,Low
R14996,2026-06-23,13,Canteen,Low,1,1.0076623643265874,Low
R13635,2026-06-23,16,Canteen,Low,1,1.190904191231331,Low
R25933,2026-06-23,18,Canteen,Medium,2,1.9540429413580318,Medium
R12616,2026-06-23,18,Canteen,Medium,2,2.07357869297593,Medium
R11982,2026-06-24,7,Canteen,Low,1,1.2064214698447477,Low
R25099,2026-06-24,8,Canteen,Medium,2,2.044595095318863,Medium
R18839,2026-06-24,9,Canteen,Medium,2,1.930989783315176,Medium
R27692,2026-06-24,10,Canteen,Low,1,1.0802973796085715,Low
R12039,2026-06-24,11,Canteen,Low,1,1.0044940937390776,Low
R27693,2026-06-24,12,Canteen,Low,1,1.0048343186432591,Low
R17284,2026-06-24,14,Canteen,Low,1,1.0188002052737593,Low
R29503,2026-06-24,15,Canteen,Low,1,1.023662782060464,Low
R13763,2026-06-24,15,Canteen,Low,1,1.0019414925828893,Low
R21594,2026-06-24,15,Canteen,Low,1,1.0016496337441563,Low
R29399,2026-06-24,16,Canteen,Low,1,1.218374109922804,Low
R10058,2026-06-24,18,Canteen,Medium,2,1.9776421822391363,Medium
R22888,2026-06-25,8,Canteen,Medium,2,1.9978298179541067,Medium
R26393,2026-06-25,9,Canteen,Medium,2,1.9908647579244445,Medium
R28498,2026-06-25,10,Canteen,Low,1,1.334723416546344,Low
R22842,2026-06-25,10,Canteen,Low,1,1.3023979921730109,Low
R26316,2026-06-25,11,Canteen,Low,1,1.0018275441742042,Low
R15340,2026-06-25,12,Canteen,Low,1,1.0341571976479829,Low
R25327,2026-06-25,13,Canteen,Low,1,1.002136822286493,Low
R15818,2026-06-25,13,Canteen,Low,1,1.0084672383989473,Low
R25799,2026-06-25,13,Canteen,Low,1,1.0082075690503216,Low
R12757,2026-06-25,14,Canteen,Low,1,1.1490284839855556,Low
R23433,2026-06-25,17,Canteen,Medium,2,1.9044209415090196,Medium
R13255,2026-06-25,19,Canteen,Low,1,1.9423135774076485,Medium
R12526,2026-06-26,6,Canteen,Low,1,1.0051190476190477,Low
R18204,2026-06-26,6,Canteen,Low,1,1.0059649122807017,Low
R11545,2026-06-26,7,Canteen,Low,1,1.2758095345841955,Low
R20373,2026-06-26,8,Canteen,Medium,2,2.000970686033251,Medium
R29488,2026-06-26,9,Canteen,Medium,2,1.923511900024328,Medium
R15261,2026-06-26,9,Canteen,High,3,1.9050575131081604,Medium
R20616,2026-06-26,11,Canteen,Low,1,1.3448482834005597,Low
R20231,2026-06-26,11,Canteen,Low,1,1.0313347017782768,Low
R10709,2026-06-26,14,Canteen,Low,1,1.102863087625507,Low
R15159,2026-06-26,15,Canteen,Low,1,1.0633458906844888,Low
R18604,2026-06-26,16,Canteen,Low,1,1.2633286377932251,Low
R17654,2026-06-26,18,Canteen,Medium,2,1.9027432379722675,Medium
R23720,2026-06-27,7,Canteen,Low,1,1.0,Low
R18583,2026-06-27,7,Canteen,Low,1,1.0,Low
R14958,2026-06-27,8,Canteen,Low,1,1.195420228332797,Low
R25922,2026-06-27,10,Canteen,Low,1,1.0040013278975943,Low
R28336,2026-06-27,11,Canteen,Low,1,1.000041806020067,Low
R12016,2026-06-27,12,Canteen,Low,1,1.0,Low
R14644,2026-06-27,14,Canteen,Low,1,1.01,Low
R16519,2026-06-27,14,Canteen,Low,1,1.002541806020067,Low
R27716,2026-06-27,15,Canteen,Low,1,1.0,Low
R15335,2026-06-27,15,Canteen,Low,1,1.0,Low
R25241,2026-06-27,15,Canteen,Low,1,1.000041806020067,Low
R11553,2026-06-27,16,Canteen,Low,1,1.0,Low
R12027,2026-06-27,17,Canteen,Low,1,1.124791659678043,Low
R10237,2026-06-27,19,Canteen,Low,1,1.3154741817649755,Low
R10598,2026-06-27,20,Canteen,Low,1,1.0,Low
R28393,2026-06-27,21,Canteen,Low,1,1.0,Low
R10133,2026-06-28,8,Canteen,Medium,2,1.2203476658311325,Low
R24063,2026-06-28,10,Canteen,Low,1,1.0079931712878734,Low
R27175,2026-06-28,11,Canteen,Low,1,1.0,Low
R29078,2026-06-28,12,Canteen,Low,1,1.0,Low
R23984,2026-06-28,12,Canteen,Low,1,1.0,Low
R27035,2026-06-28,15,Canteen,Low,1,1.0,Low
R21893,2026-06-28,16,Canteen,Low,1,1.0,Low
R29600,2026-06-28,17,Canteen,Low,1,1.2068811213218245,Low
R29311,2026-06-28,17,Canteen,Low,1,1.2668116570025187,Low
R16595,2026-06-28,18,Canteen,Low,1,1.22118710525949,Low
R10946,2026-06-28,20,Canteen,Low,1,1.0,Low
R11050,2026-06-28,21,Canteen,Low,1,1.0,Low
R11052,2026-06-28,23,Canteen,Low,1,1.0,Low
R15658,2026-06-29,1,Canteen,Low,1,1.3435485929411664,Low
R18149,2026-06-29,5,Canteen,Low,1,1.0835,Low
R17974,2026-06-29,7,Canteen,Low,1,1.2065798093520181,Low
R19005,2026-06-29,8,Canteen,Medium,2,1.9192411645907819,Medium
R29863,2026-06-29,8,Canteen,Medium,2,1.928658261093522,Medium
R27892,2026-06-29,10,Canteen,Low,1,1.2422396434071483,Low
R29558,2026-06-29,14,Canteen,Low,1,1.0036291641315522,Low
R10906,2026-06-29,14,Canteen,Low,1,1.0043819661464388,Low
R27450,2026-06-29,15,Canteen,Low,1,1.0019871502934663,Low
R12375,2026-06-29,16,Canteen,Low,1,1.6532233584870593,Medium
R21711,2026-06-29,16,Canteen,Low,1,1.3168386027141232,Low
R15696,2026-06-29,21,Canteen,Low,1,1.266329365079365,Low
R29898,2026-06-30,7,Canteen,Medium,2,1.167040172008412,Low
R21588,2026-06-30,7,Canteen,Low,1,1.2001088596548055,Low
R12593,2026-06-30,9,Canteen,Medium,2,2.0550261492442488,Medium
R13678,2026-06-30,10,Canteen,Medium,2,1.2475792278705247,Low
R28129,2026-06-30,10,Canteen,Low,1,1.3793964505346878,Low
R21937,2026-06-30,10,Canteen,Low,1,1.5771161049894058,Medium
R12700,2026-06-30,11,Canteen,Low,1,1.0011184992679143,Low
R13924,2026-06-30,12,Canteen,Low,1,1.0017051582221486,Low
R23747,2026-06-30,13,Canteen,Low,1,1.0011923520533657,Low
R24473,2026-06-30,15,Canteen,Low,1,1.0022066128716596,Low
R29846,2026-06-30,16,Canteen,Low,1,1.2207161445505463,Low
R25299,2026-06-30,16,Canteen,Low,1,1.2594609354067052,Low
R22204,2026-06-30,17,Canteen,High,3,1.8633526136955403,Medium
R26682,2026-06-30,18,Canteen,Medium,2,1.900235388537515,Medium
R23900,2026-06-30,19,Canteen,Medium,2,1.9099518143461838,Medium
R24319,2026-05-26,2,Hostel A,Low,1,1.0080042949162868,Low
R15847,2026-05-26,7,Hostel A,Low,1,1.1074831740739557,Low
R16760,2026-05-26,7,Hostel A,Low,1,1.0587630270745694,Low
R17503,2026-05-26,8,Hostel A,Medium,2,1.9049157991530827,Medium
R18593,2026-05-26,9,Hostel A,Medium,2,1.8564232282696624,Medium
R29519,2026-05-26,9,Hostel A,Medium,2,2.071061872793069,Medium
R23617,2026-05-26,10,Hostel A,Low,1,1.078257709110126,Low
R21160,2026-05-26,10,Hostel A,Low,1,1.1984512882329184,Low
R18313,2026-05-26,11,Hostel A,Low,1,1.0186786191566894,Low
R27813,2026-05-26,13,Hostel A,Low,1,1.012002867053018,Low
R11501,2026-05-26,15,Hostel A,Low,1,1.0080414911986286,Low
R18772,2026-05-26,15,Hostel A,Low,1,1.00771299144698,Low
R13321,2026-05-26,16,Hostel A,Low,1,1.1903449451828414,Low
R16418,2026-05-26,17,Hostel A,Medium,2,1.9555943180569284,Medium
R13419,2026-05-26,17,Hostel A,Medium,2,1.9439254664702557,Medium
R17716,2026-05-26,17,Hostel A,High,3,1.9975547949284516,Medium
R23144,2026-05-26,17,Hostel A,Medium,2,1.8944319764753015,Medium
R24998,2026-05-26,17,Hostel A,Medium,2,1.8835155467698785,Medium
R24797,2026-05-26,18,Hostel A,Medium,2,1.966931201706545,Medium
R18153,2026-05-26,19,Hostel A,Low,1,1.975756971419358,Medium
R16868,2026-05-26,19,Hostel A,Medium,2,1.9471534576994032,Medium
R11875,2026-05-26,20,Hostel A,Low,1,1.137274222150914,Low
R14860,2026-05-26,21,Hostel A,Low,1,1.0000746268656717,Low
R23018,2026-05-26,22,Hostel A,Low,1,1.0150746268656716,Low
R21299,2026-05-27,6,Hostel A,Low,1,1.0000390625,Low
R27748,2026-05-27,8,Hostel A,High,3,1.8496716236225041,Medium
R26442,2026-05-27,10,Hostel A,Low,1,1.199155049982702,Low
R11275,2026-05-27,10,Hostel A,Medium,2,1.1231001383184551,Low
R27495,2026-05-27,13,Hostel A,Low,1,1.027212780910215,Low
R21522,2026-05-27,17,Hostel A,Medium,2,1.8179528209377853,Medium
R18919,2026-05-27,17,Hostel A,Medium,2,1.8535925971695675,Medium
R24207,2026-05-27,18,Hostel A,Low,1,1.8909492804712187,Medium
R18550,2026-05-27,19,Hostel A,Medium,2,1.8874577726935595,Medium
R25647,2026-05-27,19,Hostel A,Low,1,1.8762341024660938,Medium
R20936,2026-05-27,20,Hostel A,Low,1,1.2222903414408968,Low
R14628,2026-05-27,21,Hostel A,Medium,2,1.0,Low
R18882,2026-05-27,21,Hostel A,Low,1,1.0,Low
R26048,2026-05-28,8,Hostel A,High,3,1.8650805194377806,Medium
R11893,2026-05-28,8,Hostel A,Medium,2,1.822314076466843,Medium
R14370,2026-05-28,8,Hostel A,Medium,2,1.9073271045145477,Medium
R15675,2026-05-28,8,Hostel A,Medium,2,1.8713363679521442,Medium
R26269,2026-05-28,12,Hostel A,Low,1,1.0148508627760497,Low
R13694,2026-05-28,15,Hostel A,Low,1,1.0652461045650892,Low
R22086,2026-05-28,15,Hostel A,Low,1,1.0235008774588843,Low
R26211,2026-05-28,16,Hostel A,Low,1,1.1509120374151938,Low
R14959,2026-05-28,17,Hostel A,Medium,2,1.957850283950818,Medium
R14330,2026-05-28,17,Hostel A,Medium,2,1.9750780702676436,Medium
R22025,2026-05-28,17,Hostel A,Low,1,1.9059464272119546,Medium
R23924,2026-05-28,18,Hostel A,Medium,2,1.7963166756757474,Medium
R18858,2026-05-28,18,Hostel A,Medium,2,1.9300495476068216,Medium
R21263,2026-05-28,18,Hostel A,Low,1,1.9663478468521984,Medium
R19475,2026-05-28,18,Hostel A,Medium,2,1.9507281585763292,Medium
R11193,2026-05-28,19,Hostel A,High,3,1.9258371504559637,Medium
R11992,2026-05-28,19,Hostel A,Medium,2,1.8914347360913124,Medium
R14276,2026-05-28,19,Hostel A,Low,1,1.8849899797437397,Medium
R20779,2026-05-29,8,Hostel A,Medium,2,1.923879228307206,Medium
R26582,2026-05-29,8,Hostel A,Medium,2,1.934998879110323,Medium
R14093,2026-05-29,10,Hostel A,Low,1,1.092219078319816,Low
R11152,2026-05-29,15,Hostel A,Low,1,1.011255322165552,Low
R16926,2026-05-29,16,Hostel A,Low,1,1.1918892340198375,Low
R24695,2026-05-29,17,Hostel A,Low,1,1.9309880272081263,Medium
R15266,2026-05-29,17,Hostel A,Medium,2,1.9351435185841825,Medium
R23462,2026-05-29,18,Hostel A,Medium,2,2.0327802324439634,Medium
R17496,2026-05-29,19,Hostel A,Low,1,2.1079625164517135,Medium
R23511,2026-05-29,21,Hostel A,Low,1,1.0,Low
R13133,2026-05-30,8,Hostel A,Low,1,1.1494169664616622,Low
R10017,2026-05-30,11,Hostel A,Low,1,1.0,Low
R14612,2026-05-30,12,Hostel A,Low,1,1.0,Low
R19942,2026-05-30,13,Hostel A,Low,1,1.0,Low
R14399,2026-05-30,13,Hostel A,Low,1,1.0,Low
R12197,2026-05-30,16,Hostel A,Low,1,1.0,Low
R28004,2026-05-30,17,Hostel A,Medium,2,1.1582061970215003,Low
R21486,2026-05-30,17,Hostel A,Low,1,1.1986204678859247,Low
R15853,2026-05-30,19,Hostel A,Medium,2,1.1727564102803543,Low
R16350,2026-05-31,6,Hostel A,Low,1,1.0001785714285714,Low
R28165,2026-05-31,8,Hostel A,Low,1,1.2263253448891773,Low
R10802,2026-05-31,8,Hostel A,Medium,2,1.1781695954195943,Low
R16754,2026-05-31,8,Hostel A,Low,1,1.0956396918754958,Low
R29684,2026-05-31,8,Hostel A,Low,1,1.2263253448891773,Low
R18601,2026-05-31,9,Hostel A,Low,1,1.2066379789020325,Low
R17326,2026-05-31,9,Hostel A,Medium,2,1.095326539338926,Low
R20861,2026-05-31,9,Hostel A,Low,1,1.2850762195891796,Low
R10574,2026-05-31,11,Hostel A,Low,1,1.0,Low
R12351,2026-05-31,11,Hostel A,Low,1,1.0,Low
R27350,2026-05-31,13,Hostel A,Low,1,1.0,Low
R15048,2026-05-31,16,Hostel A,Low,1,1.0,Low
R17843,2026-05-31,17,Hostel A,Low,1,1.1143797641198245,Low
R11956,2026-05-31,17,Hostel A,Low,1,1.0944771063387195,Low
R15529,2026-05-31,20,Hostel A,Low,1,1.0,Low
R23367,2026-05-31,21,Hostel A,Low,1,1.0,Low
R22890,2026-05-31,21,Hostel A,Low,1,1.0,Low
R11270,2026-05-31,22,Hostel A,Low,1,1.0,Low
R20054,2026-06-01,6,Hostel A,Low,1,1.025,Low
R14915,2026-06-01,7,Hostel A,Low,1,1.3242392334798665,Low
R14633,2026-06-01,8,Hostel A,Low,1,1.8888092477057612,Medium
R23489,2026-06-01,8,Hostel A,High,3,1.899242684067101,Medium
R19881,2026-06-01,9,Hostel A,Medium,2,2.2456846284253085,Medium
R25905,2026-06-01,10,Hostel A,Low,1,1.1577071954876061,Low
R14890,2026-06-01,12,Hostel A,Low,1,1.0013025470457921,Low
R15314,2026-06-01,15,Hostel A,Low,1,1.0030756193702426,Low
R29159,2026-06-01,16,Hostel A,Low,1,1.417299625363295,Low
R15827,2026-06-01,16,Hostel A,Low,1,1.3081808570651297,Low
R24804,2026-06-01,16,Hostel A,Low,1,1.4022890539068704,Low
R26758,2026-06-01,16,Hostel A,Medium,2,1.3260939780857448,Low
R20707,2026-06-01,17,Hostel A,Medium,2,1.8726385465655644,Medium
R12830,2026-06-01,17,Hostel A,Medium,2,1.8853551406435582,Medium
R21830,2026-06-01,18,Hostel A,Medium,2,1.8758577135375225,Medium
R16576,2026-06-01,18,Hostel A,Medium,2,1.8684853095700285,Medium
R11489,2026-06-02,7,Hostel A,Medium,2,1.1584200386303174,Low
R13372,2026-06-02,8,Hostel A,Medium,2,1.8911720912596406,Medium
R27741,2026-06-02,8,Hostel A,Medium,2,1.9165086794914379,Medium
R29860,2026-06-02,9,Hostel A,Low,1,1.8927264751096866,Medium
R28465,2026-06-02,12,Hostel A,Low,1,1.0237547663839577,Low
R21525,2026-06-02,14,Hostel A,Low,1,1.0102150636546843,Low
R29296,2026-06-02,16,Hostel A,Low,1,1.1120656419823127,Low
R12119,2026-06-02,17,Hostel A,High,3,1.9626877727276102,Medium
R15911,2026-06-02,18,Hostel A,Medium,2,1.9054252756796144,Medium
R16006,2026-06-02,23,Hostel A,Low,1,1.0000746268656717,Low
R11159,2026-06-03,0,Hostel A,Low,1,1.024800408481667,Low
R26208,2026-06-03,5,Hostel A,Low,1,1.01,Low
R28731,2026-06-03,8,Hostel A,Medium,2,1.8630093979148206,Medium
R19857,2026-06-03,8,Hostel A,Medium,2,2.0882508428742175,Medium
R14364,2026-06-03,9,Hostel A,Medium,2,1.890264651715973,Medium
R29477,2026-06-03,11,Hostel A,Low,1,1.0137836255755737,Low
R16251,2026-06-03,12,Hostel A,Low,1,1.0186364055829897,Low
R20475,2026-06-03,13,Hostel A,Low,1,1.0438303641446944,Low
R25243,2026-06-03,13,Hostel A,Low,1,1.01727216497956,Low
R15758,2026-06-03,16,Hostel A,Low,1,1.1482128014534885,Low
R12352,2026-06-03,16,Hostel A,Low,1,1.1267147794361485,Low
R15981,2026-06-03,17,Hostel A,Medium,2,1.9426223011867583,Medium
R22229,2026-06-03,18,Hostel A,Medium,2,1.9556836369738775,Medium
R24263,2026-06-03,21,Hostel A,Low,1,1.0002261420171867,Low
R21410,2026-06-04,8,Hostel A,Medium,2,1.906478879110743,Medium
R26220,2026-06-04,8,Hostel A,Medium,2,1.8924997285892442,Medium
R10170,2026-06-04,9,Hostel A,High,3,1.993722152778619,Medium
R24506,2026-06-04,9,Hostel A,Medium,2,1.943187672177462,Medium
R21217,2026-06-04,12,Hostel A,Low,1,1.0025419263082762,Low
R24173,2026-06-04,12,Hostel A,Low,1,1.0009348791567343,Low
R16562,2026-06-04,13,Hostel A,Low,1,1.0050925980731582,Low
R15239,2026-06-04,15,Hostel A,Low,1,1.0830511700929857,Low
R20862,2026-06-04,16,Hostel A,Low,1,1.1558894714387586,Low
R14175,2026-06-04,18,Hostel A,Medium,2,1.7603734451746051,Medium
R15828,2026-06-04,19,Hostel A,Medium,2,1.9245573116308208,Medium
R19984,2026-06-05,7,Hostel A,Low,1,1.1035278752214897,Low
R26325,2026-06-05,8,Hostel A,High,3,2.332007620021411,Medium
R13896,2026-06-05,8,Hostel A,Medium,2,1.8449413188352113,Medium
R22342,2026-06-05,10,Hostel A,Low,1,1.1696102077265367,Low
R28392,2026-06-05,11,Hostel A,Low,1,1.0278239842121464,Low
R13928,2026-06-05,11,Hostel A,Low,1,1.0050418187680976,Low
R14684,2026-06-05,11,Hostel A,Low,1,1.120385802216851,Low
R13056,2026-06-05,12,Hostel A,Medium,2,1.0093645210548778,Low
R25581,2026-06-05,15,Hostel A,Low,1,1.0874588113574233,Low
R11988,2026-06-05,16,Hostel A,Medium,2,1.054896652776884,Low
R29293,2026-06-05,17,Hostel A,Medium,2,1.9513389912028651,Medium
R15197,2026-06-05,17,Hostel A,Medium,2,2.0127150235819893,Medium
R29744,2026-06-05,19,Hostel A,Medium,2,1.8775805946480415,Medium
R24119,2026-06-05,19,Hostel A,High,3,2.004442390013851,Medium
R23205,2026-06-06,8,Hostel A,Low,1,1.1560947080867165,Low
R20319,2026-06-06,8,Hostel A,Low,1,1.3085064132811903,Low
R28636,2026-06-06,8,Hostel A,Low,1,1.3757013227312596,Low
R27427,2026-06-06,10,Hostel A,Low,1,1.0126552010288996,Low
R12034,2026-06-06,12,Hostel A,Low,1,1.0,Low
R14259,2026-06-06,13,Hostel A,Low,1,1.0,Low
R14541,2026-06-06,14,Hostel A,Low,1,1.0,Low
R26462,2026-06-06,14,Hostel A,Low,1,1.0,Low
R22064,2026-06-06,17,Hostel A,Low,1,1.1130771139821414,Low
R16895,2026-06-06,17,Hostel A,Medium,2,1.142201537643096,Low
R23556,2026-06-06,17,Hostel A,Low,1,1.1410493064917215,Low
R24921,2026-06-06,18,Hostel A,Low,1,1.1764901356037036,Low
R21363,2026-06-07,7,Hostel A,Low,1,1.0,Low
R14614,2026-06-07,11,Hostel A,Low,1,1.0,Low
R28991,2026-06-07,13,Hostel A,Low,1,1.0,Low
R21352,2026-06-07,15,Hostel A,Low,1,1.0,Low
R19753,2026-06-07,17,Hostel A,Low,1,1.2163484378421061,Low
R17501,2026-06-07,17,Hostel A,Low,1,1.2034694011593845,Low
R22544,2026-06-07,18,Hostel A,Low,1,1.1514515356298491,Low
R29586,2026-06-07,19,Hostel A,Low,1,1.1965229523631793,Low
R28071,2026-06-08,0,Hostel A,Low,1,1.0133293244790915,Low
R21799,2026-06-08,10,Hostel A,Low,1,1.0923466482590336,Low
R23145,2026-06-08,11,Hostel A,Medium,2,1.0019536777781506,Low
R21730,2026-06-08,16,Hostel A,Medium,2,1.208866871779322,Low
R18169,2026-06-08,18,Hostel A,Medium,2,2.0526656956450267,Medium
R26156,2026-06-08,18,Hostel A,Medium,2,1.8905011318775402,Medium
R29805,2026-06-08,18,Hostel A,Medium,2,1.8855011318775403,Medium
R23597,2026-06-08,19,Hostel A,Medium,2,1.913363132793833,Medium
R25649,2026-06-08,20,Hostel A,Low,1,1.1390805618659368,Low
R10647,2026-06-09,6,Hostel A,Low,1,1.0003225806451612,Low
R18542,2026-06-09,8,Hostel A,Medium,2,1.880561188934492,Medium
R11634,2026-06-09,11,Hostel A,Low,1,1.0039544062105779,Low
R26776,2026-06-09,13,Hostel A,Low,1,1.0042557205797809,Low
R22478,2026-06-09,15,Hostel A,Low,1,1.0349621882775477,Low
R23441,2026-06-09,15,Hostel A,Low,1,1.0040521580009476,Low
R29213,2026-06-09,15,Hostel A,Low,1,1.000699874208743,Low
R17668,2026-06-09,18,Hostel A,Medium,2,2.0664117699766185,Medium
R19512,2026-06-09,18,Hostel A,Medium,2,2.0269643480742197,Medium
R13161,2026-06-10,2,Hostel A,Low,1,1.0009621353526545,Low
R16619,2026-06-10,3,Hostel A,Low,1,1.0292943477437608,Low
R20597,2026-06-10,6,Hostel A,Low,1,1.0,Low
R29577,2026-06-10,6,Hostel A,Low,1,1.0,Low
R10025,2026-06-10,7,Hostel A,Low,1,1.063780356562725,Low
R21280,2026-06-10,7,Hostel A,Medium,2,1.0788049667213222,Low
R26369,2026-06-10,9,Hostel A,Medium,2,1.9248707982319742,Medium
R11466,2026-06-10,10,Hostel A,Low,1,1.2557718555863402,Low
R12337,2026-06-10,10,Hostel A,Low,1,1.2480742322034024,Low
R19157,2026-06-10,10,Hostel A,Low,1,1.204368901638081,Low
R11269,2026-06-10,12,Hostel A,Low,1,1.001994330486177,Low
R29360,2026-06-10,13,Hostel A,Low,1,1.020025503469126,Low
R16152,2026-06-10,16,Hostel A,Medium,2,1.1861477247182888,Low
R27468,2026-06-10,16,Hostel A,Low,1,1.1882837569658866,Low
R13945,2026-06-10,18,Hostel A,Medium,2,1.9384517822009035,Medium
R17063,2026-06-10,18,Hostel A,Medium,2,1.875185270839703,Medium
R13557,2026-06-10,20,Hostel A,Medium,2,1.1540740611982236,Low
R18569,2026-06-10,20,Hostel A,Low,1,1.1231312197496706,Low
R11910,2026-06-11,7,Hostel A,Low,1,1.0530028997891518,Low
R26681,2026-06-11,8,Hostel A,Medium,2,1.8896448395554908,Medium
R18294,2026-06-11,8,Hostel A,Medium,2,1.8955347398554598,Medium
R17951,2026-06-11,8,Hostel A,Medium,2,1.9193491246043088,Medium
R25428,2026-06-11,9,Hostel A,Medium,2,1.901166593261388,Medium
R25236,2026-06-11,10,Hostel A,Low,1,1.4480045893297202,Low
R13232,2026-06-11,10,Hostel A,Medium,2,1.554517411384562,Medium
R17725,2026-06-11,10,Hostel A,Low,1,1.203726261758986,Low
R24197,2026-06-11,11,Hostel A,Low,1,1.0024662773164357,Low
R28802,2026-06-11,13,Hostel A,Low,1,1.040300656121898,Low
R10073,2026-06-11,13,Hostel A,Low,1,1.006541733086217,Low
R12737,2026-06-11,17,Hostel A,Low,1,1.9186657998128434,Medium
R29874,2026-06-11,19,Hostel A,Medium,2,1.9056013703205363,Medium
R25946,2026-06-11,21,Hostel A,Low,1,1.0001515151515152,Low
R13078,2026-06-12,0,Hostel A,Low,1,1.0377446985821661,Low
R12380,2026-06-12,7,Hostel A,Medium,2,1.0571129003597564,Low
R25115,2026-06-12,8,Hostel A,Medium,2,1.9318904518957396,Medium
R12237,2026-06-12,16,Hostel A,Low,1,1.1736137229274748,Low
R22764,2026-06-12,16,Hostel A,Low,1,1.3978375180064992,Low
R19775,2026-06-12,17,Hostel A,Medium,2,1.8480560463267073,Medium
R13058,2026-06-12,17,Hostel A,Medium,2,1.8970337978826906,Medium
R25761,2026-06-12,18,Hostel A,Medium,2,1.8266034261655633,Medium
R11728,2026-06-12,18,Hostel A,Medium,2,1.8949221329054515,Medium
R12384,2026-06-12,18,Hostel A,Low,1,1.8671006390323959,Medium
R20923,2026-06-12,19,Hostel A,High,3,1.8408029302938242,Medium
R28059,2026-06-12,20,Hostel A,Low,1,1.1949675151488999,Low
R12691,2026-06-13,0,Hostel A,Low,1,1.0000390625,Low
R27312,2026-06-13,7,Hostel A,Low,1,1.0,Low
R23111,2026-06-13,8,Hostel A,Low,1,1.3076514021702037,Low
R29663,2026-06-13,8,Hostel A,Low,1,1.3034874704820012,Low
R19614,2026-06-13,8,Hostel A,Low,1,1.3250794462430138,Low
R21022,2026-06-13,9,Hostel A,Medium,2,1.3635103083721247,Low
R11144,2026-06-13,9,Hostel A,Low,1,1.383322895877477,Low
R14485,2026-06-13,10,Hostel A,Low,1,1.0084528200765188,Low
R12462,2026-06-13,11,Hostel A,Low,1,1.0,Low
R15679,2026-06-13,11,Hostel A,Low,1,1.0,Low
R17282,2026-06-13,12,Hostel A,Low,1,1.0,Low
R29177,2026-06-13,14,Hostel A,Low,1,1.0055882352941177,Low
R23568,2026-06-13,15,Hostel A,Low,1,1.0,Low
R10268,2026-06-13,18,Hostel A,Low,1,1.1471091311021508,Low
R12976,2026-06-13,20,Hostel A,Low,1,1.0,Low
R13480,2026-06-14,7,Hostel A,Low,1,1.0,Low
R27796,2026-06-14,8,Hostel A,Medium,2,1.2903135513442703,Low
R10603,2026-06-14,8,Hostel A,Low,1,1.3149017304671573,Low
R21648,2026-06-14,13,Hostel A,Low,1,1.0,Low
R10173,2026-06-14,14,Hostel A,Low,1,1.0,Low
R13412,2026-06-14,16,Hostel A,Low,1,1.0,Low
R20312,2026-06-14,16,Hostel A,Low,1,1.0,Low
R12654,2026-06-14,16,Hostel A,Low,1,1.0,Low
R21170,2026-06-14,17,Hostel A,Low,1,1.2220029857810335,Low
R25917,2026-06-14,17,Hostel A,Low,1,1.1845827793009518,Low
R19293,2026-06-14,17,Hostel A,Low,1,1.2262939495600749,Low
R15716,2026-06-14,18,Hostel A,Medium,2,1.1784549816411884,Low
R19556,2026-06-14,21,Hostel A,Low,1,1.0,Low
R19827,2026-06-14,22,Hostel A,Low,1,1.0,Low
R29900,2026-06-15,7,Hostel A,Low,1,1.135725697372613,Low
R19457,2026-06-15,7,Hostel A,Low,1,1.368909571257983,Low
R22672,2026-06-15,8,Hostel A,Medium,2,1.8772728269123455,Medium
R14535,2026-06-15,16,Hostel A,Low,1,1.210990690478242,Low
R17699,2026-06-15,18,Hostel A,Medium,2,1.8952936475729902,Medium
R22251,2026-06-15,19,Hostel A,Low,1,1.8086520831825488,Medium
R15070,2026-06-15,19,Hostel A,High,3,1.8887103355787105,Medium
R24178,2026-06-15,20,Hostel A,Low,1,1.2197102282845784,Low
R12483,2026-06-16,7,Hostel A,Low,1,1.0280609220254213,Low
R26822,2026-06-16,8,Hostel A,Medium,2,1.9049157991530827,Medium
R15923,2026-06-16,12,Hostel A,Low,1,1.0635639406137505,Low
R19632,2026-06-16,13,Hostel A,Low,1,1.0079522651430657,Low
R16147,2026-06-16,16,Hostel A,Low,1,1.0936638023227518,Low
R15523,2026-06-16,16,Hostel A,Low,1,1.20692122643113,Low
R21118,2026-06-16,18,Hostel A,Medium,2,1.9581082348015202,Medium
R13087,2026-06-16,18,Hostel A,Medium,2,1.867084612187399,Medium
R12263,2026-06-16,18,Hostel A,Medium,2,1.9582085931937507,Medium
R21738,2026-06-16,18,Hostel A,Medium,2,1.9027802878968705,Medium
R16186,2026-06-16,19,Hostel A,Medium,2,1.9021068249220556,Medium
R18907,2026-06-17,5,Hostel A,Low,1,1.0050390625,Low
R26256,2026-06-17,6,Hostel A,Low,1,1.0,Low
R12949,2026-06-17,7,Hostel A,Low,1,1.0792734103810169,Low
R11457,2026-06-17,10,Hostel A,Low,1,1.2742139727321369,Low
R25881,2026-06-17,11,Hostel A,Low,1,1.1442833837553983,Low
R11953,2026-06-17,12,Hostel A,Low,1,1.0036696882519824,Low
R18499,2026-06-17,14,Hostel A,Low,1,1.0074737361493638,Low
R13128,2026-06-17,17,Hostel A,Medium,2,1.9599092417580364,Medium
R17766,2026-06-17,17,Hostel A,Low,1,1.930800753867695,Medium
R24115,2026-06-17,17,Hostel A,Medium,2,1.9055930749519059,Medium
R23332,2026-06-17,18,Hostel A,Medium,2,1.9378501033389812,Medium
R28755,2026-06-17,18,Hostel A,Medium,2,1.9274668934904888,Medium
R21966,2026-06-17,18,Hostel A,Medium,2,1.9397429374328519,Medium
R29150,2026-06-17,19,Hostel A,Medium,2,1.9370290127669065,Medium
R15083,2026-06-17,21,Hostel A,Low,1,1.0002261420171867,Low
R26219,2026-06-18,8,Hostel A,Medium,2,2.160256827695697,Medium
R11537,2026-06-18,8,Hostel A,Medium,2,1.820803933269011,Medium
R29062,2026-06-18,8,Hostel A,Medium,2,2.11375611017088,Medium
R21164,2026-06-18,9,Hostel A,High,3,1.905697774871882,Medium
R14347,2026-06-18,9,Hostel A,Medium,2,1.9438056209053085,Medium
R21357,2026-06-18,10,Hostel A,Medium,2,1.1650543821576804,Low
R20818,2026-06-18,11,Hostel A,Low,1,1.014161960917147,Low
R11785,2026-06-18,12,Hostel A,Low,1,1.012476218019239,Low
R16239,2026-06-18,16,Hostel A,Low,1,1.1364253832920395,Low
R27575,2026-06-18,17,Hostel A,Medium,2,1.8751988104264803,Medium
R19776,2026-06-18,17,Hostel A,Medium,2,1.8607856962880909,Medium
R29679,2026-06-18,17,Hostel A,Low,1,1.9224893312880584,Medium
R14088,2026-06-18,17,Hostel A,Medium,2,1.8205650647446767,Medium
R20255,2026-06-18,18,Hostel A,Medium,2,1.912484824787956,Medium
R25507,2026-06-18,20,Hostel A,Medium,2,1.187390603825189,Low
R21839,2026-06-19,7,Hostel A,Low,1,1.135215827863515,Low
R11632,2026-06-19,11,Hostel A,Low,1,1.035396274293714,Low
R25335,2026-06-19,14,Hostel A,Low,1,1.0095233418172578,Low
R19814,2026-06-19,16,Hostel A,Low,1,1.242175485360508,Low
R28671,2026-06-19,17,Hostel A,Medium,2,1.9942564785731265,Medium
R11468,2026-06-19,18,Hostel A,Medium,2,2.0032360403093152,Medium
R27905,2026-06-19,18,Hostel A,Medium,2,1.9996074556553527,Medium
R22558,2026-06-19,18,Hostel A,Medium,2,2.0199173704656133,Medium
R15296,2026-06-19,20,Hostel A,Low,1,1.2565149686410986,Low
R18217,2026-06-19,20,Hostel A,Low,1,1.1836028648983428,Low
R11576,2026-06-19,21,Hostel A,Low,1,1.185,Low
R11386,2026-06-20,0,Hostel A,Low,1,1.0,Low
R16258,2026-06-20,6,Hostel A,Low,1,1.0,Low
R26347,2026-06-20,7,Hostel A,Low,1,1.0,Low
R15777,2026-06-20,7,Hostel A,Low,1,1.0,Low
R27633,2026-06-20,8,Hostel A,Low,1,1.221277091292513,Low
R15987,2026-06-20,8,Hostel A,Low,1,1.2079619035702374,Low
R15957,2026-06-20,9,Hostel A,Low,1,1.3247444144752338,Low
R19121,2026-06-20,12,Hostel A,Low,1,1.0,Low
R18198,2026-06-20,13,Hostel A,Low,1,1.0,Low
R16731,2026-06-20,15,Hostel A,Low,1,1.0,Low
R15209,2026-06-20,17,Hostel A,Medium,2,1.1313394387739342,Low
R13853,2026-06-20,19,Hostel A,Medium,2,1.2400106350256022,Low
R20052,2026-06-21,2,Hostel A,Low,1,1.0002015817901235,Low
R22509,2026-06-21,8,Hostel A,Low,1,1.1562194068508491,Low
R26800,2026-06-21,8,Hostel A,Low,1,1.2391164126012386,Low
R25750,2026-06-21,8,Hostel A,Low,1,1.1656626103352004,Low
R29190,2026-06-21,9,Hostel A,Low,1,1.0789065062775693,Low
R13899,2026-06-21,11,Hostel A,Low,1,1.0,Low
R25688,2026-06-21,11,Hostel A,Low,1,1.0,Low
R11749,2026-06-21,16,Hostel A,Low,1,1.0,Low
R26617,2026-06-21,16,Hostel A,Low,1,1.0,Low
R12189,2026-06-21,17,Hostel A,Low,1,1.1640041235361267,Low
R26299,2026-06-21,18,Hostel A,Low,1,1.1328920717399253,Low
R22417,2026-06-21,18,Hostel A,Low,1,1.19345196032694,Low
R15119,2026-06-21,18,Hostel A,Low,1,1.19000526813265,Low
R15919,2026-06-21,18,Hostel A,Low,1,1.2280459059342343,Low
R19161,2026-06-21,18,Hostel A,Medium,2,1.1456332289916844,Low
R18580,2026-06-21,19,Hostel A,Low,1,1.1594086776236643,Low
R18876,2026-06-22,7,Hostel A,Low,1,1.1350435991518222,Low
R16425,2026-06-22,10,Hostel A,Low,1,1.2020070896337585,Low
R15855,2026-06-22,10,Hostel A,Low,1,1.1113935923205183,Low
R20688,2026-06-22,12,Hostel A,Low,1,1.0023380381416236,Low
R22010,2026-06-22,17,Hostel A,Medium,2,1.8928791468806216,Medium
R16957,2026-06-22,18,Hostel A,Medium,2,1.9760554529237984,Medium
R11345,2026-06-22,18,Hostel A,Medium,2,1.7839749746440139,Medium
R10947,2026-06-22,18,Hostel A,Medium,2,1.8876699269477912,Medium
R12489,2026-06-22,19,Hostel A,Medium,2,1.8465670806594243,Medium
R15528,2026-06-22,20,Hostel A,Low,1,1.2295105577514829,Low
R23252,2026-06-22,21,Hostel A,Low,1,1.0,Low
R16575,2026-06-23,9,Hostel A,Medium,2,1.9447796805552255,Medium
R25763,2026-06-23,15,Hostel A,Low,1,1.0276679078835327,Low
R13937,2026-06-23,17,Hostel A,Medium,2,1.9223325205564599,Medium
R15665,2026-06-23,19,Hostel A,Medium,2,1.9079664853760778,Medium
R16774,2026-06-24,8,Hostel A,Medium,2,1.981380585884186,Medium
R26717,2026-06-24,8,Hostel A,Medium,2,1.9178041388805622,Medium
R19509,2026-06-24,13,Hostel A,Low,1,1.0998280250632513,Low
R14954,2026-06-24,16,Hostel A,Low,1,1.2521608350036146,Low
R15618,2026-06-24,16,Hostel A,Low,1,1.3061592804159972,Low
R15577,2026-06-24,17,Hostel A,Low,1,1.7629619652587045,Medium
R10033,2026-06-24,18,Hostel A,Medium,2,1.9494835838156896,Medium
R22186,2026-06-24,19,Hostel A,Medium,2,1.9838517607710606,Medium
R13068,2026-06-25,5,Hostel A,Medium,2,1.0,Low
R24446,2026-06-25,8,Hostel A,Low,1,1.9409370593952397,Medium
R23075,2026-06-25,9,Hostel A,Medium,2,1.8765340693362176,Medium
R12234,2026-06-25,9,Hostel A,Medium,2,1.9001170178324156,Medium
R13134,2026-06-25,9,Hostel A,Medium,2,1.9974759096690595,Medium
R27629,2026-06-25,9,Hostel A,Medium,2,1.9296972041252176,Medium
R28950,2026-06-25,9,Hostel A,Low,1,1.915161990595967,Medium
R19213,2026-06-25,10,Hostel A,Medium,2,1.1875260082961459,Low
R19709,2026-06-25,10,Hostel A,Low,1,1.0948640672679555,Low
R18408,2026-06-25,12,Hostel A,Low,1,1.0081639010415926,Low
R18902,2026-06-25,12,Hostel A,Low,1,1.0480153224425097,Low
R23126,2026-06-25,16,Hostel A,Low,1,1.2288253575963082,Low
R10296,2026-06-25,16,Hostel A,Low,1,1.188962530842446,Low
R23742,2026-06-25,17,Hostel A,Medium,2,1.9823315360296405,Medium
R14427,2026-06-25,18,Hostel A,Medium,2,1.9396666955552626,Medium
R21734,2026-06-25,18,Hostel A,High,3,1.9794236423495035,Medium
R21135,2026-06-25,19,Hostel A,Low,1,1.9538032541998538,Medium
R21998,2026-06-26,2,Hostel A,Medium,2,1.0094935376466674,Low
R19375,2026-06-26,6,Hostel A,Low,1,1.0416666666666665,Low
R25976,2026-06-26,7,Hostel A,Low,1,1.0662630006967602,Low
R15350,2026-06-26,9,Hostel A,Medium,2,1.7562947042162929,Medium
R17672,2026-06-26,10,Hostel A,Low,1,1.2163237787344623,Low
R28621,2026-06-26,16,Hostel A,Low,1,1.0798768872133069,Low
R22735,2026-06-26,16,Hostel A,Medium,2,1.1527851347734492,Low
R25541,2026-06-26,17,Hostel A,Low,1,1.908980420278929,Medium
R18223,2026-06-26,19,Hostel A,Medium,2,1.9649778377895395,Medium
R14572,2026-06-26,19,Hostel A,Medium,2,2.0188034791259515,Medium
R22074,2026-06-27,8,Hostel A,Medium,2,1.1791758638601568,Low
R25955,2026-06-27,9,Hostel A,Low,1,1.1807437664235427,Low
R23523,2026-06-27,10,Hostel A,Low,1,1.0024366601566497,Low
R23592,2026-06-27,15,Hostel A,Low,1,1.0,Low
R13043,2026-06-27,18,Hostel A,Low,1,1.0197761177730007,Low
R16857,2026-06-27,18,Hostel A,Low,1,1.1971182449765934,Low
R26600,2026-06-27,19,Hostel A,Low,1,1.2887478768454212,Low
R18151,2026-06-27,22,Hostel A,Low,1,1.0,Low
R16620,2026-06-27,23,Hostel A,Low,1,1.0,Low
R25495,2026-06-28,0,Hostel A,Low,1,1.0002015817901235,Low
R16777,2026-06-28,0,Hostel A,Low,1,1.03,Low
R13489,2026-06-28,4,Hostel A,Low,1,1.0,Low
R11788,2026-06-28,6,Hostel A,Low,1,1.0,Low
R13561,2026-06-28,8,Hostel A,Low,1,1.1412788593123373,Low
R23800,2026-06-28,8,Hostel A,Low,1,1.1618782261325142,Low
R21577,2026-06-28,8,Hostel A,Low,1,1.2480121972713119,Low
R27904,2026-06-28,9,Hostel A,Low,1,1.1896828231896337,Low
R13755,2026-06-28,13,Hostel A,Low,1,1.0,Low
R13137,2026-06-28,16,Hostel A,Low,1,1.0,Low
R14291,2026-06-28,16,Hostel A,Low,1,1.0,Low
R13565,2026-06-28,16,Hostel A,Low,1,1.0,Low
R16373,2026-06-28,16,Hostel A,Low,1,1.0,Low
R21360,2026-06-28,17,Hostel A,Low,1,1.1634972951274811,Low
R12919,2026-06-28,18,Hostel A,Medium,2,1.1620952214593112,Low
R20975,2026-06-28,18,Hostel A,Low,1,1.2161774631454485,Low
R29540,2026-06-28,18,Hostel A,Low,1,1.2101186788700447,Low
R21921,2026-06-28,20,Hostel A,Low,1,1.0,Low
R16778,2026-06-28,21,Hostel A,Low,1,1.0,Low
R12543,2026-06-28,23,Hostel A,Low,1,1.0,Low
R24359,2026-06-29,0,Hostel A,Low,1,1.0010626727452125,Low
R12554,2026-06-29,7,Hostel A,Low,1,1.4725975844360273,Low
R16156,2026-06-29,7,Hostel A,Medium,2,1.2541860968585758,Low
R21578,2026-06-29,8,Hostel A,Low,1,1.7958882602430548,Medium
R28340,2026-06-29,8,Hostel A,Medium,2,2.004189820190261,Medium
R27585,2026-06-29,9,Hostel A,Low,1,1.8767415527735318,Medium
R24008,2026-06-29,10,Hostel A,Low,1,1.1272010141082498,Low
R24380,2026-06-29,10,Hostel A,Low,1,1.1952707387957446,Low
R28356,2026-06-29,13,Hostel A,Low,1,1.0028204785246397,Low
R26863,2026-06-29,15,Hostel A,Low,1,1.0058943198367938,Low
R26671,2026-06-29,16,Hostel A,Medium,2,1.1794874313716563,Low
R17279,2026-06-29,17,Hostel A,Medium,2,1.9112897215160631,Medium
R10856,2026-06-29,18,Hostel A,Medium,2,1.9595983807955024,Medium
R17068,2026-06-29,19,Hostel A,Low,1,1.8875640701373713,Medium
R18935,2026-06-30,5,Hostel A,Low,1,1.0,Low
R25369,2026-06-30,5,Hostel A,Low,1,1.0,Low
R13385,2026-06-30,10,Hostel A,Low,1,1.4366964789301948,Low
R20572,2026-06-30,10,Hostel A,Low,1,1.2177333090125608,Low
R21875,2026-06-30,10,Hostel A,Low,1,1.306217337539415,Low
R14827,2026-06-30,10,Hostel A,Medium,2,1.1034839760857609,Low
R21828,2026-06-30,10,Hostel A,Medium,2,1.2387267038396375,Low
R17490,2026-06-30,14,Hostel A,Low,1,1.0031278617843638,Low
R13866,2026-06-30,14,Hostel A,Low,1,1.002452883472997,Low
R10579,2026-06-30,14,Hostel A,Low,1,1.0027274832054318,Low
R16844,2026-06-30,16,Hostel A,Low,1,1.2183026014275382,Low
R28012,2026-06-30,17,Hostel A,Medium,2,1.8922304894451891,Medium
R29799,2026-06-30,18,Hostel A,Medium,2,1.9315641066257054,Medium
R14704,2026-06-30,19,Hostel A,Medium,2,1.923759867778671,Medium
R10730,2026-06-30,20,Hostel A,Low,1,1.2462893652009501,Low
R15329,2026-06-30,20,Hostel A,Low,1,1.1650397562455297,Low
R12421,2026-05-26,6,Hostel B,Low,1,1.0,Low
R17680,2026-05-26,8,Hostel B,Medium,2,1.9291600683779278,Medium
R19184,2026-05-26,9,Hostel B,Medium,2,1.8145464618694371,Medium
R16267,2026-05-26,10,Hostel B,Low,1,1.1688420616953616,Low
R16360,2026-05-26,11,Hostel B,Low,1,1.0456123623827218,Low
R11031,2026-05-26,12,Hostel B,Low,1,1.0850457019783406,Low
R11445,2026-05-26,15,Hostel B,Low,1,1.0170317157954631,Low
R16569,2026-05-26,15,Hostel B,Low,1,1.0030725762159296,Low
R20813,2026-05-26,16,Hostel B,Low,1,1.2682382154330205,Low
R12164,2026-05-26,17,Hostel B,Medium,2,1.9505407084967148,Medium
R16753,2026-05-26,17,Hostel B,Medium,2,1.9351783481605522,Medium
R20012,2026-05-26,18,Hostel B,Medium,2,1.87166672321285,Medium
R12249,2026-05-26,18,Hostel B,Medium,2,1.8642598530888927,Medium
R27455,2026-05-26,19,Hostel B,Medium,2,1.917863452961081,Medium
R19118,2026-05-26,19,Hostel B,Medium,2,1.9110206125168667,Medium
R21295,2026-05-27,7,Hostel B,Medium,2,1.0728239752040876,Low
R15700,2026-05-27,8,Hostel B,Medium,2,1.9236659435532448,Medium
R20386,2026-05-27,8,Hostel B,Medium,2,1.9336389617209142,Medium
R20900,2026-05-27,8,Hostel B,Medium,2,1.9214706553971035,Medium
R12795,2026-05-27,9,Hostel B,Medium,2,1.8626285362478818,Medium
R16813,2026-05-27,9,Hostel B,Medium,2,1.7917824736047872,Medium
R27249,2026-05-27,9,Hostel B,Medium,2,1.8574299188791903,Medium
R20185,2026-05-27,12,Hostel B,Low,1,1.02062815064668,Low
R23112,2026-05-27,13,Hostel B,Low,1,1.0796441394966698,Low
R14271,2026-05-27,15,Hostel B,Low,1,1.0203170842806988,Low
R22365,2026-05-27,17,Hostel B,Low,1,1.9213750019508224,Medium
R29775,2026-05-27,21,Hostel B,Low,1,1.0192857142857144,Low
R28867,2026-05-27,21,Hostel B,Low,1,1.0142857142857142,Low
R15865,2026-05-28,0,Hostel B,Low,1,1.1747696613301852,Low
R19138,2026-05-28,12,Hostel B,Low,1,1.0186764642642754,Low
R15712,2026-05-28,14,Hostel B,Low,1,1.0445014509973407,Low
R25434,2026-05-28,15,Hostel B,Low,1,1.1358570493932454,Low
R20413,2026-05-28,16,Hostel B,Low,1,1.1146004742746733,Low
R15705,2026-05-28,16,Hostel B,Medium,2,1.280138444977597,Low
R22120,2026-05-28,17,Hostel B,Low,1,1.95947079926147,Medium
R18069,2026-05-28,18,Hostel B,Medium,2,1.8734717928657063,Medium
R25027,2026-05-28,18,Hostel B,Low,1,1.8774197059080207,Medium
R26886,2026-05-29,0,Hostel B,Low,1,1.1857793486851116,Low
R25862,2026-05-29,7,Hostel B,Medium,2,1.1913400744776963,Low
R14202,2026-05-29,8,Hostel B,Medium,2,1.9743496483662475,Medium
R20209,2026-05-29,9,Hostel B,Medium,2,1.912862556390287,Medium
R12096,2026-05-29,9,Hostel B,Medium,2,1.9445226992868738,Medium
R28594,2026-05-29,9,Hostel B,Medium,2,1.9247510912492165,Medium
R14922,2026-05-29,10,Hostel B,Low,1,1.2330314931930233,Low
R12283,2026-05-29,12,Hostel B,Low,1,1.002234948934165,Low
R12629,2026-05-29,13,Hostel B,Low,1,1.0030356937241425,Low
R15601,2026-05-29,13,Hostel B,Low,1,1.011095019522498,Low
R25815,2026-05-29,14,Hostel B,Low,1,1.0068205718361072,Low
R28171,2026-05-29,16,Hostel B,Low,1,1.212646291842542,Low
R14402,2026-05-29,17,Hostel B,Low,1,1.874672524956459,Medium
R10723,2026-05-29,18,Hostel B,Medium,2,1.9604963422618045,Medium
R22274,2026-05-29,18,Hostel B,Low,1,1.8761222799867041,Medium
R11360,2026-05-29,19,Hostel B,Medium,2,1.9145535024931124,Medium
R12479,2026-05-29,19,Hostel B,Low,1,1.9318882926612801,Medium
R13227,2026-05-30,7,Hostel B,Low,1,1.0,Low
R24273,2026-05-30,8,Hostel B,Medium,2,1.1007757036057153,Low
R22921,2026-05-30,8,Hostel B,Low,1,1.1501604997056578,Low
R25368,2026-05-30,8,Hostel B,Low,1,1.1189891639919383,Low
R17693,2026-05-30,9,Hostel B,Medium,2,1.2235715627830368,Low
R27520,2026-05-30,9,Hostel B,Low,1,1.2075421483297157,Low
R11670,2026-05-30,9,Hostel B,Low,1,1.1075191494026793,Low
R11009,2026-05-30,10,Hostel B,Low,1,1.0026640238965172,Low
R10914,2026-05-30,12,Hostel B,Low,1,1.0,Low
R12747,2026-05-30,18,Hostel B,Low,1,1.2260335034253083,Low
R15681,2026-05-30,18,Hostel B,Low,1,1.204204760452194,Low
R28468,2026-05-31,8,Hostel B,Low,1,1.2597229598521857,Low
R20153,2026-05-31,8,Hostel B,Medium,2,1.2269031044918315,Low
R15868,2026-05-31,9,Hostel B,Low,1,1.214759140772486,Low
R18619,2026-05-31,10,Hostel B,Low,1,1.0129531601439496,Low
R29228,2026-05-31,13,Hostel B,Low,1,1.0,Low
R14459,2026-05-31,15,Hostel B,Low,1,1.0,Low
R17356,2026-05-31,15,Hostel B,Low,1,1.0,Low
R29497,2026-05-31,16,Hostel B,Low,1,1.0,Low
R10350,2026-05-31,16,Hostel B,Low,1,1.0,Low
R29439,2026-05-31,17,Hostel B,Low,1,1.1584629109838624,Low
R18816,2026-05-31,17,Hostel B,Low,1,1.1285399601239954,Low
R28170,2026-05-31,17,Hostel B,Low,1,1.1637723102444395,Low
R28822,2026-05-31,18,Hostel B,Low,1,1.1536237509156382,Low
R16641,2026-05-31,19,Hostel B,Low,1,1.098859919663582,Low
R15447,2026-05-31,19,Hostel B,Low,1,1.1281781199979828,Low
R18016,2026-05-31,20,Hostel B,Low,1,1.0,Low
R24308,2026-06-01,9,Hostel B,Medium,2,1.945591835470779,Medium
R10260,2026-06-01,9,Hostel B,High,3,1.91934990050028,Medium
R12544,2026-06-01,9,Hostel B,Medium,2,2.146230856298291,Medium
R23319,2026-06-01,9,Hostel B,Low,1,1.9099143984663685,Medium
R28816,2026-06-01,9,Hostel B,Medium,2,2.015724429667129,Medium
R25275,2026-06-01,10,Hostel B,Medium,2,1.2082788118952885,Low
R25786,2026-06-01,16,Hostel B,Low,1,1.3172299650230206,Low
R23954,2026-06-01,17,Hostel B,Low,1,1.843073098172801,Medium
R28483,2026-06-01,18,Hostel B,Medium,2,1.902449882207029,Medium
R22384,2026-06-01,20,Hostel B,Low,1,1.297096560037968,Low
R15479,2026-06-01,20,Hostel B,Low,1,1.3779419092542022,Low
R13406,2026-06-01,22,Hostel B,Low,1,1.0,Low
R13095,2026-06-02,0,Hostel B,Low,1,1.1859238412185222,Low
R11329,2026-06-02,5,Hostel B,Low,1,1.0003225806451612,Low
R13311,2026-06-02,7,Hostel B,Low,1,1.112669959488955,Low
R27775,2026-06-02,8,Hostel B,Medium,2,1.9129537562369916,Medium
R19297,2026-06-02,10,Hostel B,Low,1,1.371669767380753,Low
R17586,2026-06-02,12,Hostel B,Low,1,1.0097057262106004,Low
R16424,2026-06-02,13,Hostel B,Low,1,1.0074811954914324,Low
R25584,2026-06-02,13,Hostel B,Low,1,1.0026170779345422,Low
R13240,2026-06-02,14,Hostel B,Low,1,1.06524717989697,Low
R12572,2026-06-02,17,Hostel B,Medium,2,1.9722435321704277,Medium
R21490,2026-06-03,6,Hostel B,Low,1,1.0001785714285714,Low
R24826,2026-06-03,8,Hostel B,Low,1,1.8460795231011984,Medium
R19314,2026-06-03,9,Hostel B,Medium,2,1.8655659298553553,Medium
R23798,2026-06-03,10,Hostel B,Low,1,1.1668534378012052,Low
R11185,2026-06-03,10,Hostel B,Low,1,1.1793778293939705,Low
R17143,2026-06-03,11,Hostel B,Low,1,1.0085352029051762,Low
R12799,2026-06-03,12,Hostel B,Low,1,1.0022441070622583,Low
R23603,2026-06-03,12,Hostel B,Low,1,1.0023307549347837,Low
R14074,2026-06-03,13,Hostel B,Low,1,1.003322215931351,Low
R19734,2026-06-03,15,Hostel B,Low,1,1.0037661582956174,Low
R17070,2026-06-03,16,Hostel B,Low,1,1.3627594757298156,Low
R10515,2026-06-03,19,Hostel B,Medium,2,1.8870825044224266,Medium
R11093,2026-06-04,6,Hostel B,Low,1,1.0001785714285714,Low
R28704,2026-06-04,8,Hostel B,Medium,2,1.8837806075446195,Medium
R25258,2026-06-04,9,Hostel B,Low,1,1.8601082578478512,Medium
R24869,2026-06-04,10,Hostel B,Medium,2,1.1364049372289091,Low
R23347,2026-06-04,10,Hostel B,Medium,2,1.1421861411440652,Low
R14446,2026-06-04,13,Hostel B,Low,1,1.0017676071218082,Low
R17006,2026-06-04,19,Hostel B,Medium,2,1.937490202038732,Medium
R27068,2026-06-05,1,Hostel B,Low,1,1.140899604003122,Low
R24180,2026-06-05,8,Hostel B,Medium,2,1.9168361842491541,Medium
R23306,2026-06-05,9,Hostel B,Medium,2,1.9840969032777458,Medium
R26123,2026-06-05,16,Hostel B,Low,1,1.2134712192089077,Low
R25769,2026-06-05,18,Hostel B,Low,1,1.8727375481102755,Medium
R13973,2026-06-05,19,Hostel B,Medium,2,2.0829841178753243,Medium
R17880,2026-06-05,19,Hostel B,Medium,2,1.922406308675132,Medium
R15024,2026-06-06,8,Hostel B,Low,1,1.1265714780605791,Low
R29427,2026-06-06,10,Hostel B,Low,1,1.007376697503443,Low
R26484,2026-06-06,10,Hostel B,Low,1,1.0044520506815589,Low
R28835,2026-06-06,11,Hostel B,Low,1,1.000041806020067,Low
R11227,2026-06-06,11,Hostel B,Low,1,1.0,Low
R22766,2026-06-06,14,Hostel B,Low,1,1.0,Low
R11064,2026-06-06,16,Hostel B,Low,1,1.0,Low
R14367,2026-06-06,17,Hostel B,Low,1,1.1808566888561187,Low
R12370,2026-06-07,7,Hostel B,Low,1,1.0,Low
R19969,2026-06-07,8,Hostel B,Low,1,1.1768557747754,Low
R21325,2026-06-07,9,Hostel B,Low,1,1.1961449941105573,Low
R17476,2026-06-07,10,Hostel B,Low,1,1.0039490761972425,Low
R19524,2026-06-07,10,Hostel B,Low,1,1.0062401813185362,Low
R14376,2026-06-07,12,Hostel B,Low,1,1.0,Low
R27232,2026-06-07,14,Hostel B,Low,1,1.0,Low
R29662,2026-06-07,18,Hostel B,Low,1,1.2194311165708722,Low
R22432,2026-06-08,8,Hostel B,Medium,2,1.9385381897717886,Medium
R10662,2026-06-08,10,Hostel B,Low,1,1.1277092172255225,Low
R20915,2026-06-08,12,Hostel B,Low,1,1.0005590947983813,Low
R17938,2026-06-08,14,Hostel B,Low,1,1.0013272069860588,Low
R19105,2026-06-08,15,Hostel B,Low,1,1.0030531730290886,Low
R27730,2026-06-08,16,Hostel B,Medium,2,1.1844572473240969,Low
R21913,2026-06-08,17,Hostel B,Medium,2,1.7170118558004175,Medium
R18024,2026-06-08,17,Hostel B,Medium,2,1.8046098894570608,Medium
R19431,2026-06-08,18,Hostel B,Medium,2,1.8209727965165359,Medium
R13002,2026-06-09,9,Hostel B,Medium,2,1.9023740657543238,Medium
R29865,2026-06-09,14,Hostel B,Low,1,1.0084291362514584,Low
R19779,2026-06-09,14,Hostel B,Low,1,1.006648505843778,Low
R18793,2026-06-09,14,Hostel B,Low,1,1.009002271182604,Low
R26083,2026-06-09,16,Hostel B,Medium,2,1.1316713987837732,Low
R29147,2026-06-09,17,Hostel B,Medium,2,1.931489953983656,Medium
R29140,2026-06-09,18,Hostel B,Medium,2,1.929955903216156,Medium
R10145,2026-06-09,19,Hostel B,Medium,2,2.00356793140913,Medium
R24434,2026-06-09,20,Hostel B,Low,1,1.155049401509163,Low
R13493,2026-06-09,21,Hostel B,Low,1,1.015,Low
R26520,2026-06-09,21,Hostel B,Low,1,1.005,Low
R18379,2026-06-10,8,Hostel B,Low,1,1.9416487063500705,Medium
R16165,2026-06-10,8,Hostel B,Medium,2,1.9649795139322912,Medium
R25054,2026-06-10,8,Hostel B,Medium,2,1.9792648240542565,Medium
R28305,2026-06-10,11,Hostel B,Low,1,1.0328667151661641,Low
R17283,2026-06-10,12,Hostel B,Low,1,1.0160687121486234,Low
R22630,2026-06-10,14,Hostel B,Low,1,1.0170933137409148,Low
R20519,2026-06-10,15,Hostel B,Low,1,1.0179128678651863,Low
R15862,2026-06-10,15,Hostel B,Low,1,1.0225191080334184,Low
R14835,2026-06-10,16,Hostel B,Medium,2,1.2676575725718957,Low
R10263,2026-06-10,17,Hostel B,High,3,1.89169572125057,Medium
R20292,2026-06-10,18,Hostel B,Medium,2,1.8622075046690105,Medium
R11801,2026-06-10,18,Hostel B,Medium,2,1.86337133795771,Medium
R10499,2026-06-10,18,Hostel B,Medium,2,1.922767138209103,Medium
R21852,2026-06-10,19,Hostel B,High,3,1.9046967248243518,Medium
R28461,2026-06-11,1,Hostel B,Low,1,1.170202854663316,Low
R26608,2026-06-11,8,Hostel B,Medium,2,2.0388891122247843,Medium
R25457,2026-06-11,8,Hostel B,Medium,2,1.8739783382517083,Medium
R23003,2026-06-11,9,Hostel B,Low,1,1.9269722948969925,Medium
R25158,2026-06-11,9,Hostel B,Medium,2,1.9476094515417717,Medium
R14256,2026-06-11,14,Hostel B,Low,1,1.031797584989871,Low
R13430,2026-06-11,19,Hostel B,Medium,2,1.8752947258133197,Medium
R16848,2026-06-11,20,Hostel B,Low,1,1.1916745715145978,Low
R15442,2026-06-12,8,Hostel B,Low,1,1.975729803723689,Medium
R28124,2026-06-12,12,Hostel B,Low,1,1.0222335024328386,Low
R21059,2026-06-12,16,Hostel B,Low,1,1.1227368942464215,Low
R21055,2026-06-12,16,Hostel B,Low,1,1.3042231471797314,Low
R21153,2026-06-12,19,Hostel B,Medium,2,1.8667899832694832,Medium
R19123,2026-06-12,20,Hostel B,Medium,2,1.177495539636951,Low
R21346,2026-06-12,21,Hostel B,Low,1,1.243523761064806,Low
R14621,2026-06-13,6,Hostel B,Low,1,1.0016666666666665,Low
R28217,2026-06-13,7,Hostel B,Low,1,1.0,Low
R11905,2026-06-13,8,Hostel B,Low,1,1.1910340195670237,Low
R18146,2026-06-13,8,Hostel B,Low,1,1.1543268045167692,Low
R24309,2026-06-13,9,Hostel B,Low,1,1.122916699335486,Low
R16498,2026-06-13,9,Hostel B,Low,1,1.127688576006661,Low
R15698,2026-06-13,9,Hostel B,Low,1,1.1598380046376817,Low
R22411,2026-06-13,11,Hostel B,Low,1,1.0,Low
R21582,2026-06-13,13,Hostel B,Low,1,1.0,Low
R15489,2026-06-13,15,Hostel B,Low,1,1.0,Low
R11063,2026-06-13,16,Hostel B,Low,1,1.0,Low
R11096,2026-06-13,17,Hostel B,Low,1,1.2264305580261734,Low
R14755,2026-06-13,17,Hostel B,Low,1,1.2401240844987904,Low
R16255,2026-06-13,18,Hostel B,Low,1,1.128250139879205,Low
R11680,2026-06-13,18,Hostel B,Low,1,1.3222568765373663,Low
R12391,2026-06-13,19,Hostel B,Medium,2,1.099065783946085,Low
R22422,2026-06-13,23,Hostel B,Low,1,1.0,Low
R28138,2026-06-13,23,Hostel B,Low,1,1.0,Low
R12876,2026-06-14,6,Hostel B,Low,1,1.0,Low
R10733,2026-06-14,8,Hostel B,Low,1,1.1066041105209128,Low
R29553,2026-06-14,9,Hostel B,Low,1,1.1486117798735294,Low
R16822,2026-06-14,10,Hostel B,Low,1,1.0076925237882504,Low
R16107,2026-06-14,11,Hostel B,Low,1,1.0,Low
R29982,2026-06-14,12,Hostel B,Low,1,1.0,Low
R11262,2026-06-14,18,Hostel B,Low,1,1.213947119143909,Low
R27017,2026-06-14,18,Hostel B,Low,1,1.3219032500984664,Low
R17854,2026-06-14,18,Hostel B,Low,1,1.2742540421582522,Low
R24747,2026-06-15,0,Hostel B,Low,1,1.0345081899473088,Low
R17390,2026-06-15,7,Hostel B,Low,1,1.123371308102283,Low
R20193,2026-06-15,9,Hostel B,Medium,2,1.9708833115975133,Medium
R24050,2026-06-15,10,Hostel B,Medium,2,1.1009142156117462,Low
R26114,2026-06-15,17,Hostel B,Medium,2,1.7180957593632156,Medium
R22535,2026-06-15,18,Hostel B,Medium,2,1.7106830377794577,Medium
R13947,2026-06-15,20,Hostel B,Low,1,1.3391141385218719,Low
R12464,2026-06-15,21,Hostel B,Low,1,1.0,Low
R19070,2026-06-16,7,Hostel B,Low,1,1.0577845375252004,Low
R15952,2026-06-16,7,Hostel B,Low,1,1.0390946232459453,Low
R29574,2026-06-16,8,Hostel B,Medium,2,1.9113631014841854,Medium
R16697,2026-06-16,10,Hostel B,Medium,2,1.1384087960546634,Low
R18513,2026-06-16,12,Hostel B,Low,1,1.0089532231844536,Low
R22518,2026-06-16,15,Hostel B,Low,1,1.0174540509253887,Low
R13287,2026-06-16,16,Hostel B,Low,1,1.315668558002339,Low
R21520,2026-06-16,16,Hostel B,Low,1,1.1397495963285582,Low
R19329,2026-06-16,16,Hostel B,Low,1,1.1206586782188597,Low
R20549,2026-06-16,19,Hostel B,Medium,2,1.9220671663818834,Medium
R11802,2026-06-17,8,Hostel B,Medium,2,1.8588484344566552,Medium
R15215,2026-06-17,9,Hostel B,Medium,2,1.8926205004110301,Medium
R21720,2026-06-17,11,Hostel B,Low,1,1.000698405520188,Low
R26699,2026-06-17,13,Hostel B,Low,1,1.005931187114622,Low
R24480,2026-06-17,13,Hostel B,Low,1,1.0012693820227805,Low
R24896,2026-06-17,13,Hostel B,Low,1,1.0024945014756375,Low
R25956,2026-06-17,18,Hostel B,Medium,2,1.898325931876732,Medium
R24415,2026-06-18,8,Hostel B,Medium,2,1.8838609856289423,Medium
R27637,2026-06-18,10,Hostel B,Medium,2,1.092889719113662,Low
R15591,2026-06-18,13,Hostel B,Low,1,1.0716904191105308,Low
R19803,2026-06-18,17,Hostel B,Low,1,1.9040742171625213,Medium
R16798,2026-06-18,18,Hostel B,Medium,2,1.9017038589159216,Medium
R24802,2026-06-18,23,Hostel B,Low,1,1.00825,Low
R11914,2026-06-19,7,Hostel B,Medium,2,1.389693003416381,Low
R26519,2026-06-19,9,Hostel B,Medium,2,1.8943386806611384,Medium
R14029,2026-06-19,9,Hostel B,High,3,1.9871695869201493,Medium
R19112,2026-06-19,9,Hostel B,High,3,1.8404594977902073,Medium
R17633,2026-06-19,10,Hostel B,Low,1,1.227307863877068,Low
R16374,2026-06-19,11,Hostel B,Low,1,1.0107249863365297,Low
R17449,2026-06-19,12,Hostel B,Low,1,1.0420041032226215,Low
R23369,2026-06-19,12,Hostel B,Low,1,1.0673761598059313,Low
R29930,2026-06-19,16,Hostel B,Low,1,1.2969207636008262,Low
R22077,2026-06-19,16,Hostel B,Low,1,1.0955127449457656,Low
R14784,2026-06-19,16,Hostel B,Low,1,1.1509667530662804,Low
R29543,2026-06-19,17,Hostel B,Medium,2,1.9497362347285423,Medium
R14027,2026-06-19,20,Hostel B,Low,1,1.1805767965806797,Low
R14673,2026-06-20,0,Hostel B,Low,1,1.0066624391233767,Low
R19998,2026-06-20,6,Hostel B,Low,1,1.0000390625,Low
R23293,2026-06-20,7,Hostel B,Low,1,1.0,Low
R20773,2026-06-20,10,Hostel B,Low,1,1.0083010756939503,Low
R16354,2026-06-20,10,Hostel B,Low,1,1.007376697503443,Low
R29549,2026-06-20,10,Hostel B,Low,1,1.007376697503443,Low
R12015,2026-06-20,11,Hostel B,Low,1,1.000041806020067,Low
R11973,2026-06-20,12,Hostel B,Low,1,1.0,Low
R14012,2026-06-20,12,Hostel B,Low,1,1.0,Low
R28153,2026-06-20,15,Hostel B,Low,1,1.0,Low
R21309,2026-06-20,18,Hostel B,Medium,2,1.216776185416155,Low
R17543,2026-06-20,18,Hostel B,Low,1,1.254486119748558,Low
R11173,2026-06-20,21,Hostel B,Low,1,1.0,Low
R25526,2026-06-21,0,Hostel B,Low,1,1.0143055555555556,Low
R11822,2026-06-21,1,Hostel B,Low,1,1.005,Low
R23921,2026-06-21,7,Hostel B,Low,1,1.0,Low
R23986,2026-06-21,8,Hostel B,Low,1,1.2486502344437713,Low
R24429,2026-06-21,8,Hostel B,Low,1,1.1218059980344495,Low
R26905,2026-06-21,11,Hostel B,Low,1,1.0,Low
R12018,2026-06-21,12,Hostel B,Low,1,1.0,Low
R12294,2026-06-21,15,Hostel B,Low,1,1.0,Low
R17590,2026-06-21,16,Hostel B,Low,1,1.0,Low
R28982,2026-06-21,18,Hostel B,Medium,2,1.0663481306721847,Low
R23540,2026-06-21,19,Hostel B,Low,1,1.1444173083010978,Low
R22759,2026-06-21,20,Hostel B,Low,1,1.0,Low
R23726,2026-06-21,22,Hostel B,Low,1,1.0,Low
R24545,2026-06-22,7,Hostel B,Low,1,1.1502099966180994,Low
R15602,2026-06-22,7,Hostel B,Low,1,1.1335959788961787,Low
R10646,2026-06-22,9,Hostel B,Medium,2,1.9425967778474993,Medium
R10648,2026-06-22,9,Hostel B,High,3,1.933095725829839,Medium
R29020,2026-06-22,10,Hostel B,Low,1,1.3240391267028842,Low
R26338,2026-06-22,14,Hostel B,Low,1,1.0289447186128307,Low
R12411,2026-06-22,14,Hostel B,Low,1,1.0025342779522588,Low
R12724,2026-06-22,16,Hostel B,Low,1,1.4556678825084342,Low
R12191,2026-06-22,16,Hostel B,Low,1,1.273863570026088,Low
R15431,2026-06-22,16,Hostel B,Low,1,1.3639102828362502,Low
R13645,2026-06-22,18,Hostel B,Medium,2,1.8263596783127722,Medium
R15500,2026-06-22,19,Hostel B,Low,1,1.8870784646048264,Medium
R18267,2026-06-23,8,Hostel B,Low,1,1.8349902983034625,Medium
R10593,2026-06-23,9,Hostel B,High,3,1.9148450312478489,Medium
R17987,2026-06-23,11,Hostel B,Low,1,1.0070029446024034,Low
R28389,2026-06-23,11,Hostel B,Low,1,1.0066791393659371,Low
R18455,2026-06-23,14,Hostel B,Low,1,1.002109449620691,Low
R26080,2026-06-23,16,Hostel B,Low,1,1.2510433575013287,Low
R12721,2026-06-23,17,Hostel B,Medium,2,1.9398049655758307,Medium
R29167,2026-06-23,17,Hostel B,Medium,2,1.9212200245912567,Medium
R24214,2026-06-23,18,Hostel B,Low,1,1.837958153212895,Medium
R27132,2026-06-23,22,Hostel B,Low,1,1.075,Low
R23692,2026-06-24,8,Hostel B,Medium,2,1.9296683742885057,Medium
R22304,2026-06-24,10,Hostel B,Low,1,1.081574977553585,Low
R13316,2026-06-24,10,Hostel B,Low,1,1.0777362210906825,Low
R22016,2026-06-24,10,Hostel B,Low,1,1.116741569929954,Low
R21094,2026-06-24,11,Hostel B,Low,1,1.0124800169677501,Low
R11218,2026-06-24,13,Hostel B,Low,1,1.016124939249229,Low
R16222,2026-06-24,14,Hostel B,Low,1,1.0069885911339789,Low
R23795,2026-06-24,14,Hostel B,Low,1,1.0021046763587322,Low
R26940,2026-06-24,15,Hostel B,Low,1,1.0179858505863135,Low
R22596,2026-06-24,15,Hostel B,Medium,2,1.0197165686695648,Low
R20344,2026-06-24,16,Hostel B,Low,1,1.4643399416350644,Low
R12625,2026-06-24,17,Hostel B,Medium,2,1.9634751742216527,Medium
R19647,2026-06-25,7,Hostel B,Low,1,1.2338110333161498,Low
R25096,2026-06-25,7,Hostel B,Medium,2,1.1277982717894341,Low
R16377,2026-06-25,9,Hostel B,Medium,2,1.933983201023933,Medium
R23559,2026-06-25,11,Hostel B,Low,1,1.0092492065318335,Low
R25875,2026-06-25,14,Hostel B,Low,1,1.0078146347090553,Low
R16112,2026-06-25,15,Hostel B,Low,1,1.0105734121523837,Low
R18022,2026-06-25,15,Hostel B,Low,1,1.0015474574061667,Low
R11439,2026-06-25,17,Hostel B,Medium,2,1.9067635837480075,Medium
R26747,2026-06-25,17,Hostel B,Low,1,1.918864697805096,Medium
R18945,2026-06-25,18,Hostel B,Medium,2,1.8991450809602932,Medium
R20524,2026-06-25,18,Hostel B,High,3,1.9466597281424667,Medium
R23292,2026-06-25,19,Hostel B,Low,1,1.9492360825670376,Medium
R26801,2026-06-25,23,Hostel B,Low,1,1.0153571428571428,Low
R11181,2026-06-26,8,Hostel B,Medium,2,1.9275795647653686,Medium
R14978,2026-06-26,9,Hostel B,Medium,2,1.9310711810069745,Medium
R19896,2026-06-26,10,Hostel B,Low,1,1.1326528818396844,Low
R20028,2026-06-26,10,Hostel B,Low,1,1.1723590701586213,Low
R15282,2026-06-26,12,Hostel B,Low,1,1.003315912714818,Low
R20370,2026-06-26,13,Hostel B,Low,1,1.0439485545628215,Low
R28838,2026-06-26,13,Hostel B,Low,1,1.0029940177727412,Low
R29421,2026-06-26,13,Hostel B,Low,1,1.0092029677294014,Low
R21289,2026-06-26,14,Hostel B,Low,1,1.0034489390673658,Low
R19809,2026-06-26,15,Hostel B,Low,1,1.0257040274308913,Low
R11494,2026-06-26,18,Hostel B,Low,1,1.8604912595572722,Medium
R22565,2026-06-26,21,Hostel B,Low,1,1.068205579246624,Low
R28761,2026-06-26,22,Hostel B,Low,1,1.01075,Low
R23828,2026-06-27,6,Hostel B,Low,1,1.0,Low
R21570,2026-06-27,7,Hostel B,Low,1,1.0,Low
R14802,2026-06-27,8,Hostel B,Low,1,1.134610831461721,Low
R20878,2026-06-27,10,Hostel B,Low,1,1.003123955849716,Low
R19681,2026-06-27,11,Hostel B,Low,1,1.0,Low
R11239,2026-06-27,12,Hostel B,Low,1,1.0,Low
R16092,2026-06-27,13,Hostel B,Low,1,1.0,Low
R25225,2026-06-27,14,Hostel B,Low,1,1.0,Low
R26286,2026-06-27,16,Hostel B,Low,1,1.0,Low
R28597,2026-06-27,17,Hostel B,Low,1,1.168835659442864,Low
R14455,2026-06-27,17,Hostel B,Low,1,1.1486020352228943,Low
R17834,2026-06-27,18,Hostel B,Low,1,1.21952092232322,Low
R29197,2026-06-27,18,Hostel B,Low,1,1.1590506188469332,Low
R19393,2026-06-27,18,Hostel B,Low,1,1.2122170330532258,Low
R28089,2026-06-27,19,Hostel B,Low,1,1.1933454632439178,Low
R17339,2026-06-27,20,Hostel B,Low,1,1.0,Low
R18104,2026-06-27,22,Hostel B,Low,1,1.0,Low
R10454,2026-06-28,6,Hostel B,Low,1,1.0,Low
R11902,2026-06-28,7,Hostel B,Low,1,1.0,Low
R28139,2026-06-28,8,Hostel B,Low,1,1.1434753852817363,Low
R11222,2026-06-28,9,Hostel B,Low,1,1.1355664255781754,Low
R24158,2026-06-28,10,Hostel B,Low,1,1.0017093608001155,Low
R11056,2026-06-28,11,Hostel B,Low,1,1.0,Low
R21434,2026-06-28,14,Hostel B,Low,1,1.0,Low
R28259,2026-06-28,16,Hostel B,Low,1,1.0,Low
R17267,2026-06-28,17,Hostel B,Medium,2,1.3918050310028582,Low
R23341,2026-06-28,17,Hostel B,Low,1,1.1815249428855532,Low
R25272,2026-06-28,17,Hostel B,Medium,2,1.1826232704501007,Low
R13221,2026-06-28,18,Hostel B,Medium,2,1.1503647584603593,Low
R21011,2026-06-28,18,Hostel B,Medium,2,1.2164481843068884,Low
R11691,2026-06-28,18,Hostel B,Medium,2,1.2223568591018745,Low
R26153,2026-06-28,19,Hostel B,Low,1,1.378644608387627,Low
R26402,2026-06-28,20,Hostel B,Low,1,1.0,Low
R24993,2026-06-29,6,Hostel B,Low,1,1.0,Low
R20168,2026-06-29,8,Hostel B,Medium,2,1.922377389691496,Medium
R14198,2026-06-29,9,Hostel B,Low,1,1.9232990115659647,Medium
R15218,2026-06-29,10,Hostel B,Low,1,1.2114149751757448,Low
R16322,2026-06-29,13,Hostel B,Low,1,1.0094971369565624,Low
R29273,2026-06-29,14,Hostel B,Low,1,1.0011899467764638,Low
R22822,2026-06-29,14,Hostel B,Low,1,1.0019292814902265,Low
R26802,2026-06-29,16,Hostel B,Low,1,1.1062759675020164,Low
R24080,2026-06-29,17,Hostel B,Medium,2,1.9129756026900129,Medium
R29518,2026-06-29,18,Hostel B,Medium,2,1.916298891953565,Medium
R17114,2026-06-29,18,Hostel B,High,3,1.9020551103529195,Medium
R20671,2026-06-29,18,Hostel B,Medium,2,1.911120930568912,Medium
R25307,2026-06-30,7,Hostel B,Low,1,1.096376341459955,Low
R16061,2026-06-30,7,Hostel B,Medium,2,1.0862420003045776,Low
R22292,2026-06-30,9,Hostel B,Medium,2,1.8436747190911935,Medium
R20438,2026-06-30,9,Hostel B,Low,1,1.9165707883238638,Medium
R16124,2026-06-30,9,Hostel B,Low,1,1.8574350524425243,Medium
R23443,2026-06-30,11,Hostel B,Low,1,1.0478425268182916,Low
R18479,2026-06-30,12,Hostel B,Low,1,1.0181782150901788,Low
R20821,2026-06-30,12,Hostel B,Low,1,1.020687053904454,Low
R14137,2026-06-30,12,Hostel B,Low,1,1.0089683770916535,Low
R28432,2026-06-30,15,Hostel B,Low,1,1.0045316374440971,Low
R21974,2026-06-30,15,Hostel B,Low,1,1.0355260487964812,Low
R28641,2026-06-30,19,Hostel B,Medium,2,1.9434591007593005,Medium
R27987,2026-06-30,22,Hostel B,Low,1,1.0875,Low
R22222,2026-06-30,23,Hostel B,Low,1,1.02,Low
R17422,2026-05-26,7,Library,Low,1,1.0978870436315986,Low
R29605,2026-05-26,8,Library,Medium,2,2.049063235211018,Medium
R27991,2026-05-26,11,Library,Low,1,1.0162126073227227,Low
R25461,2026-05-26,14,Library,Low,1,1.0608482883068513,Low
R28284,2026-05-26,16,Library,Low,1,1.1912283124415621,Low
R28543,2026-05-26,17,Library,High,3,2.073536471586046,Medium
R11319,2026-05-26,17,Library,Medium,2,1.988748068209078,Medium
R25658,2026-05-26,18,Library,Medium,2,2.0894813951735394,Medium
R26825,2026-05-26,19,Library,Medium,2,1.993669529026958,Medium
R28736,2026-05-26,21,Library,Low,1,1.0365,Low
R28681,2026-05-26,21,Library,Low,1,1.0315,Low
R22810,2026-05-27,7,Library,Medium,2,1.099908588044386,Low
R28965,2026-05-27,7,Library,Low,1,1.096197873496479,Low
R10223,2026-05-27,8,Library,Medium,2,1.9945101632407445,Medium
R21002,2026-05-27,8,Library,Medium,2,2.025010758657318,Medium
R27207,2026-05-27,9,Library,Medium,2,1.9105579083102484,Medium
R17500,2026-05-27,9,Library,High,3,1.9727326923600281,Medium
R11272,2026-05-27,10,Library,Low,1,1.1430576673851134,Low
R13741,2026-05-27,14,Library,Low,1,1.0877944518096583,Low
R18869,2026-05-27,15,Library,Low,1,1.0633763323732768,Low
R22664,2026-05-27,15,Library,Low,1,1.119060579313363,Low
R14698,2026-05-27,15,Library,Low,1,1.144986416956446,Low
R14372,2026-05-27,16,Library,Medium,2,1.0850199288416165,Low
R14448,2026-05-27,16,Library,Low,1,1.123392291894458,Low
R17909,2026-05-27,20,Library,Medium,2,1.2346532936944945,Low
R25153,2026-05-27,23,Library,Low,1,1.0608333333333333,Low
R26889,2026-05-28,7,Library,Low,1,1.0774131255636095,Low
R27594,2026-05-28,8,Library,Medium,2,1.8890636344002132,Medium
R26761,2026-05-28,9,Library,Medium,2,1.8866628429801715,Medium
R27690,2026-05-28,9,Library,Medium,2,1.9277194729208318,Medium
R12859,2026-05-28,13,Library,Low,1,1.0659969275841525,Low
R23775,2026-05-28,15,Library,Low,1,1.039505754580893,Low
R24146,2026-05-28,17,Library,Low,1,2.016100756038254,Medium
R23929,2026-05-28,17,Library,High,3,2.0580754603974376,Medium
R27595,2026-05-28,18,Library,Medium,2,1.9404741747298837,Medium
R19640,2026-05-28,18,Library,Medium,2,2.063928139588637,Medium
R12548,2026-05-28,21,Library,Low,1,1.0607857142857144,Low
R13416,2026-05-28,23,Library,Medium,2,1.0292857142857144,Low
R29925,2026-05-29,5,Library,Low,1,1.0052176339285714,Low
R15842,2026-05-29,6,Library,Low,1,1.0,Low
R14844,2026-05-29,7,Library,Low,1,1.044263052322798,Low
R12379,2026-05-29,7,Library,Low,1,1.1822738472623366,Low
R17084,2026-05-29,8,Library,Medium,2,1.9254006771572423,Medium
R27536,2026-05-29,8,Library,Medium,2,1.9338089511611054,Medium
R29227,2026-05-29,10,Library,Low,1,1.1984533565693662,Low
R26002,2026-05-29,12,Library,Low,1,1.0082132549328067,Low
R26081,2026-05-29,13,Library,Low,1,1.0047680726473316,Low
R17527,2026-05-29,14,Library,Low,1,1.0800576979649976,Low
R25954,2026-05-29,16,Library,Low,1,1.2095142758384054,Low
R12682,2026-05-29,17,Library,Medium,2,2.0105447699441097,Medium
R20018,2026-05-29,17,Library,Medium,2,1.790727116824813,Medium
R29157,2026-05-29,17,Library,Medium,2,2.1456765462616847,Medium
R27282,2026-05-29,18,Library,High,3,2.1053719530811033,Medium
R21686,2026-05-29,18,Library,Medium,2,2.097537592665559,Medium
R19325,2026-05-29,18,Library,Low,1,2.0488791969795592,Medium
R13816,2026-05-29,19,Library,Medium,2,2.0452037540491927,Medium
R12619,2026-05-29,21,Library,Low,1,1.0515,Low
R17232,2026-05-29,21,Library,Low,1,1.4240000000000002,Low
R21796,2026-05-30,8,Library,Low,1,1.1504101739960064,Low
R14945,2026-05-30,11,Library,Low,1,1.0,Low
R10389,2026-05-30,13,Library,Low,1,1.0,Low
R18067,2026-05-30,13,Library,Low,1,1.0,Low
R12335,2026-05-30,15,Library,Low,1,1.0,Low
R29107,2026-05-30,16,Library,Low,1,1.0,Low
R18451,2026-05-30,17,Library,Low,1,1.1946765659226042,Low
R25268,2026-05-31,4,Library,Low,1,1.0,Low
R28622,2026-05-31,7,Library,Low,1,1.0,Low
R27532,2026-05-31,7,Library,Low,1,1.0,Low
R21285,2026-05-31,8,Library,Low,1,1.297517105191194,Low
R24167,2026-05-31,8,Library,Medium,2,1.1462228285204892,Low
R12021,2026-05-31,8,Library,Low,1,1.1501464110143078,Low
R10537,2026-05-31,9,Library,Medium,2,1.2329252889758382,Low
R12429,2026-05-31,9,Library,Low,1,1.140640927141184,Low
R16356,2026-05-31,11,Library,Low,1,1.0,Low
R17454,2026-05-31,11,Library,Low,1,1.0,Low
R12635,2026-05-31,13,Library,Low,1,1.0,Low
R22974,2026-05-31,13,Library,Low,1,1.0,Low
R13558,2026-05-31,16,Library,Low,1,1.0,Low
R22807,2026-05-31,16,Library,Low,1,1.0,Low
R14279,2026-05-31,17,Library,Medium,2,1.1424146535149373,Low
R25971,2026-05-31,20,Library,Low,1,1.0,Low
R12748,2026-06-01,8,Library,Medium,2,1.9589355094583372,Medium
R29548,2026-06-01,8,Library,Medium,2,1.8616132700220662,Medium
R19488,2026-06-01,8,Library,Medium,2,1.9317735196752344,Medium
R24226,2026-06-01,11,Library,Low,1,1.002001887922157,Low
R17647,2026-06-01,12,Library,Low,1,1.0051984123476876,Low
R10536,2026-06-01,14,Library,Low,1,1.033348307554681,Low
R12545,2026-06-01,17,Library,Medium,2,1.8872641786977602,Medium
R27257,2026-06-01,17,Library,Medium,2,1.9402030836346364,Medium
R25807,2026-06-01,18,Library,Medium,2,1.9604223041103561,Medium
R22385,2026-06-01,19,Library,High,3,2.0574213404393458,Medium
R11045,2026-06-02,7,Library,Low,1,1.1625877060890235,Low
R10365,2026-06-02,8,Library,Medium,2,1.97665887856156,Medium
R11574,2026-06-02,8,Library,High,3,1.8483669560276297,Medium
R10638,2026-06-02,9,Library,Medium,2,1.8262730927781183,Medium
R14929,2026-06-02,9,Library,Medium,2,1.707867469511272,Medium
R25343,2026-06-02,10,Library,Low,1,1.0735206721764738,Low
R23970,2026-06-02,12,Library,Low,1,1.0012153746135692,Low
R24847,2026-06-02,12,Library,Low,1,1.0019788166894352,Low
R18852,2026-06-02,14,Library,Low,1,1.0724457240903937,Low
R24738,2026-06-02,16,Library,Medium,2,1.2802069320462865,Low
R25659,2026-06-02,18,Library,High,3,1.9999693812463062,Medium
R11503,2026-06-02,18,Library,Medium,2,1.9880641469412499,Medium
R16347,2026-06-02,18,Library,Medium,2,2.027654830145673,Medium
R16326,2026-06-03,7,Library,Low,1,1.1008352412772162,Low
R10452,2026-06-03,8,Library,Medium,2,1.8890689057478656,Medium
R16280,2026-06-03,8,Library,Medium,2,1.9688496002777116,Medium
R18083,2026-06-03,10,Library,Medium,2,1.1123953768657378,Low
R20469,2026-06-03,12,Library,Low,1,1.0017478531856836,Low
R29458,2026-06-03,14,Library,Low,1,1.0130776244664854,Low
R19618,2026-06-03,17,Library,Medium,2,1.9781101867084196,Medium
R11025,2026-06-03,17,Library,Medium,2,2.019862355486818,Medium
R17013,2026-06-03,18,Library,Low,1,2.066377833333293,Medium
R26228,2026-06-03,18,Library,Medium,2,2.045427646908136,Medium
R27907,2026-06-03,19,Library,Low,1,2.0349688130871972,Medium
R10083,2026-06-03,22,Library,Low,1,1.015,Low
R25136,2026-06-04,8,Library,High,3,1.927253494079773,Medium
R10352,2026-06-04,8,Library,Medium,2,1.8541247011551425,Medium
R28104,2026-06-04,9,Library,High,3,1.8605111927006823,Medium
R23135,2026-06-04,10,Library,Low,1,1.291420633496418,Low
R18391,2026-06-04,10,Library,Low,1,1.1442959416466771,Low
R10813,2026-06-04,12,Library,Low,1,1.0283766932249119,Low
R18339,2026-06-04,13,Library,Low,1,1.0777575399405845,Low
R22949,2026-06-04,15,Library,Low,1,1.0978937329676675,Low
R16781,2026-06-04,16,Library,Medium,2,1.156345063779896,Low
R27508,2026-06-04,16,Library,Low,1,1.1757313175521837,Low
R23363,2026-06-04,16,Library,Low,1,1.1727307938904412,Low
R13948,2026-06-04,17,Library,Low,1,2.1454848115458547,Medium
R13743,2026-06-04,17,Library,Medium,2,2.0544937769372855,Medium
R11648,2026-06-04,17,Library,Medium,2,1.9346653812252461,Medium
R11062,2026-06-04,17,Library,Medium,2,2.139178593261468,Medium
R29612,2026-06-04,18,Library,Medium,2,2.0488041793293563,Medium
R28251,2026-06-04,19,Library,Low,1,2.1207910666882124,Medium
R22316,2026-06-05,1,Library,Low,1,1.0448622279508397,Low
R13860,2026-06-05,3,Library,Low,1,1.0543054638519889,Low
R23124,2026-06-05,6,Library,Low,1,1.0000390625,Low
R15974,2026-06-05,8,Library,Low,1,1.8895979386676145,Medium
R24914,2026-06-05,9,Library,Medium,2,1.9390053521937451,Medium
R15837,2026-06-05,9,Library,Medium,2,1.9216014673590394,Medium
R21504,2026-06-05,10,Library,Low,1,1.379292604391839,Low
R27867,2026-06-05,11,Library,Low,1,1.0547087099041148,Low
R22979,2026-06-05,11,Library,Low,1,1.0216196271531712,Low
R20214,2026-06-05,12,Library,Low,1,1.0348916086671907,Low
R13736,2026-06-05,13,Library,Low,1,1.0119334307656631,Low
R29675,2026-06-05,13,Library,Low,1,1.0124946165269035,Low
R28333,2026-06-05,13,Library,Low,1,1.0043101578031581,Low
R29945,2026-06-05,14,Library,Low,1,1.0178769242030379,Low
R13328,2026-06-05,15,Library,Low,1,1.0265038597622165,Low
R29454,2026-06-05,17,Library,Medium,2,1.660428913308655,Medium
R11883,2026-06-05,17,Library,Medium,2,1.8197201386622786,Medium
R13085,2026-06-05,18,Library,Medium,2,2.166553907984042,Medium
R12157,2026-06-05,18,Library,High,3,2.0132721269051874,Medium
R28810,2026-06-05,18,Library,Medium,2,1.773379168179042,Medium
R22314,2026-06-05,18,Library,Medium,2,1.9585018588381964,Medium
R18814,2026-06-05,19,Library,Medium,2,2.1037510309869742,Medium
R10674,2026-06-05,19,Library,Medium,2,1.9994599340524348,Medium
R13735,2026-06-06,6,Library,Low,1,1.0002176339285713,Low
R12502,2026-06-06,7,Library,Low,1,1.0,Low
R21296,2026-06-06,8,Library,Low,1,1.4498258068229046,Low
R24533,2026-06-06,8,Library,Low,1,1.2564076554102233,Low
R25295,2026-06-06,9,Library,Low,1,1.2734014592896343,Low
R18786,2026-06-06,12,Library,Low,1,1.0,Low
R16603,2026-06-06,14,Library,Low,1,1.0,Low
R14857,2026-06-06,15,Library,Low,1,1.0,Low
R11060,2026-06-06,19,Library,Low,1,1.0547873385734317,Low
R18735,2026-06-06,22,Library,Low,1,1.0,Low
R20368,2026-06-07,0,Library,Low,1,1.0,Low
R12044,2026-06-07,7,Library,Low,1,1.0,Low
R20353,2026-06-07,7,Library,Low,1,1.0,Low
R16052,2026-06-07,7,Library,Low,1,1.0,Low
R28787,2026-06-07,8,Library,Low,1,1.2144084604365109,Low
R19816,2026-06-07,8,Library,Low,1,1.2039735242658862,Low
R14744,2026-06-07,9,Library,Low,1,1.2386901675790185,Low
R24105,2026-06-07,10,Library,Low,1,1.0088342083111137,Low
R18792,2026-06-07,13,Library,Low,1,1.005,Low
R11637,2026-06-07,14,Library,Low,1,1.0,Low
R15223,2026-06-07,17,Library,Low,1,1.2730273291349743,Low
R24638,2026-06-07,17,Library,Low,1,1.1368742947819224,Low
R24055,2026-06-07,18,Library,Low,1,1.198925830916566,Low
R11474,2026-06-07,19,Library,Low,1,1.2365735615855484,Low
R13183,2026-06-07,19,Library,Low,1,1.2989649367126679,Low
R10320,2026-06-07,19,Library,Low,1,1.3426316862914558,Low
R12163,2026-06-07,19,Library,Low,1,1.2058521887463183,Low
R11206,2026-06-07,20,Library,Low,1,1.0,Low
R29505,2026-06-07,20,Library,Low,1,1.0,Low
R17626,2026-06-07,23,Library,Low,1,1.0,Low
R26981,2026-06-08,8,Library,Medium,2,1.9173543130106119,Medium
R11891,2026-06-08,8,Library,Medium,2,1.974416108138574,Medium
R19253,2026-06-08,8,Library,Medium,2,1.8836285927186407,Medium
R16669,2026-06-08,9,Library,Medium,2,1.9152740521634926,Medium
R13664,2026-06-08,10,Library,Medium,2,1.2408098451666074,Low
R14889,2026-06-08,12,Library,Low,1,1.0884831016131715,Low
R27360,2026-06-08,15,Library,Low,1,1.0469518292439148,Low
R19763,2026-06-08,15,Library,Low,1,1.1645390686060682,Low
R19034,2026-06-08,15,Library,Low,1,1.067927740989282,Low
R22193,2026-06-08,16,Library,Low,1,1.1588284783839513,Low
R22099,2026-06-08,17,Library,Medium,2,1.8819959257643089,Medium
R17365,2026-06-08,17,Library,Medium,2,1.9864133927872119,Medium
R18712,2026-06-08,18,Library,Medium,2,1.79985753768606,Medium
R28266,2026-06-08,19,Library,Medium,2,1.9676819970218653,Medium
R29530,2026-06-08,20,Library,Low,1,1.2550832196512578,Low
R21261,2026-06-09,8,Library,Medium,2,1.9110293569965002,Medium
R26518,2026-06-09,8,Library,Medium,2,1.9001251758617437,Medium
R10815,2026-06-09,9,Library,Low,1,1.9158436028576045,Medium
R15559,2026-06-09,9,Library,Medium,2,1.8411676360737579,Medium
R27291,2026-06-09,10,Library,Low,1,1.3926476411014277,Low
R27573,2026-06-09,10,Library,Low,1,1.184267672685643,Low
R26004,2026-06-09,11,Library,Low,1,1.1179670737432894,Low
R14599,2026-06-09,15,Library,Low,1,1.026901677763575,Low
R14616,2026-06-09,16,Library,Medium,2,1.0822727929478262,Low
R18117,2026-06-09,17,Library,Medium,2,1.8383303068629566,Medium
R27133,2026-06-09,17,Library,Medium,2,2.0826815020634424,Medium
R10205,2026-06-09,17,Library,Medium,2,2.034215364909609,Medium
R18465,2026-06-09,18,Library,Medium,2,2.136701741657014,Medium
R21971,2026-06-09,19,Library,Medium,2,1.9698431137977952,Medium
R11795,2026-06-09,19,Library,High,3,1.9543367536548377,Medium
R25973,2026-06-09,21,Library,Low,1,1.37,Low
R23760,2026-06-10,0,Library,Low,1,1.0018496210406347,Low
R27111,2026-06-10,7,Library,Medium,2,1.0960209015754114,Low
R12230,2026-06-10,8,Library,Medium,2,2.214354390917847,Medium
R24129,2026-06-10,8,Library,Medium,2,2.0581566224023673,Medium
R10640,2026-06-10,8,Library,High,3,2.027184648909997,Medium
R16734,2026-06-10,10,Library,Low,1,1.1089623328132683,Low
R27681,2026-06-10,12,Library,Low,1,1.041676942580661,Low
R27572,2026-06-10,13,Library,Low,1,1.0134446548475282,Low
R20717,2026-06-10,14,Library,Low,1,1.0084779241116797,Low
R23806,2026-06-10,14,Library,Low,1,1.003098367553415,Low
R22250,2026-06-10,16,Library,Low,1,1.1074772195268556,Low
R20591,2026-06-10,16,Library,Low,1,1.1181415325814552,Low
R21625,2026-06-10,17,Library,Medium,2,2.133620264245723,Medium
R13057,2026-06-10,17,Library,Low,1,1.9292282559147103,Medium
R29761,2026-06-10,18,Library,Medium,2,2.052218665851937,Medium
R10335,2026-06-10,20,Library,Low,1,1.2709803598943303,Low
R10110,2026-06-11,7,Library,Low,1,1.1246733593528253,Low
R15807,2026-06-11,7,Library,Low,1,1.120567471487762,Low
R27221,2026-06-11,8,Library,Medium,2,1.9139431836422083,Medium
R29217,2026-06-11,8,Library,Medium,2,1.9388195424741839,Medium
R15849,2026-06-11,9,Library,Medium,2,1.8968550431602285,Medium
R13082,2026-06-11,12,Library,Low,1,1.0093531259099953,Low
R24252,2026-06-11,15,Library,Low,1,1.0282048449141983,Low
R21395,2026-06-11,16,Library,Low,1,1.5402902296960128,Medium
R27259,2026-06-11,16,Library,Low,1,1.1712900788039626,Low
R23415,2026-06-11,17,Library,Medium,2,1.9274260673578052,Medium
R23017,2026-06-11,18,Library,High,3,2.15009942655794,Medium
R10517,2026-06-11,18,Library,High,3,2.1193075270128827,Medium
R29165,2026-06-11,18,Library,Medium,2,1.9195372988399628,Medium
R27003,2026-06-12,8,Library,Medium,2,2.018615417896986,Medium
R18948,2026-06-12,11,Library,Low,1,1.0251214698947573,Low
R21230,2026-06-12,12,Library,Low,1,1.009452332562966,Low
R15731,2026-06-12,14,Library,Low,1,1.0047076802576245,Low
R13570,2026-06-12,15,Library,Low,1,1.0693961189032912,Low
R10281,2026-06-12,15,Library,Low,1,1.008369163080577,Low
R21218,2026-06-12,16,Library,Medium,2,1.261155041478085,Low
R10489,2026-06-12,17,Library,Medium,2,2.0501422376644864,Medium
R17447,2026-06-12,19,Library,Low,1,2.08618353869791,Medium
R19225,2026-06-13,5,Library,Low,1,1.0,Low
R12491,2026-06-13,6,Library,Low,1,1.0,Low
R12587,2026-06-13,6,Library,Low,1,1.0,Low
R23194,2026-06-13,7,Library,Low,1,1.0,Low
R18992,2026-06-13,8,Library,Low,1,1.0664871188352156,Low
R17780,2026-06-13,8,Library,Medium,2,1.1602100860073088,Low
R22037,2026-06-13,10,Library,Low,1,1.0241820586391868,Low
R15181,2026-06-13,12,Library,Low,1,1.0,Low
R10061,2026-06-13,12,Library,Low,1,1.0,Low
R17505,2026-06-13,15,Library,Low,1,1.0,Low
R14130,2026-06-13,15,Library,Low,1,1.0,Low
R13629,2026-06-13,18,Library,Low,1,1.169952707431015,Low
R14165,2026-06-13,21,Library,Low,1,1.0,Low
R25139,2026-06-13,22,Library,Low,1,1.0,Low
R19971,2026-06-14,7,Library,Low,1,1.0,Low
R24583,2026-06-14,7,Library,Low,1,1.0,Low
R25713,2026-06-14,7,Library,Low,1,1.0,Low
R11983,2026-06-14,9,Library,Low,1,1.1182199421131214,Low
R27855,2026-06-14,10,Library,Low,1,1.003668147944949,Low
R13410,2026-06-14,11,Library,Low,1,1.0,Low
R12869,2026-06-14,12,Library,Low,1,1.0,Low
R19498,2026-06-14,13,Library,Low,1,1.0,Low
R26818,2026-06-14,17,Library,Low,1,1.3123881511116775,Low
R19787,2026-06-14,17,Library,Low,1,1.1309824443077847,Low
R13870,2026-06-14,17,Library,Low,1,1.151829584169279,Low
R22575,2026-06-14,17,Library,Low,1,1.2829984459693133,Low
R11981,2026-06-14,18,Library,Medium,2,1.3481817479010818,Low
R29274,2026-06-14,18,Library,Low,1,1.1938336929320208,Low
R24193,2026-06-14,19,Library,Low,1,1.3878093386347305,Low
R15428,2026-06-15,6,Library,Low,1,1.0,Low
R29784,2026-06-15,7,Library,Low,1,1.233748767864568,Low
R26812,2026-06-15,7,Library,Medium,2,1.2719026129644657,Low
R27587,2026-06-15,9,Library,Medium,2,1.9056588719868948,Medium
R21202,2026-06-15,10,Library,Low,1,1.1364459207388258,Low
R24026,2026-06-15,10,Library,Medium,2,1.345890759198179,Low
R22295,2026-06-15,13,Library,Low,1,1.0082551253952234,Low
R14428,2026-06-15,13,Library,Low,1,1.0546581657678429,Low
R18023,2026-06-15,13,Library,Low,1,1.0592300661743468,Low
R29751,2026-06-15,15,Library,Low,1,1.1338631073873355,Low
R16718,2026-06-15,15,Library,Low,1,1.169015761173173,Low
R14155,2026-06-15,16,Library,Low,1,1.2101522922312138,Low
R13355,2026-06-15,17,Library,Medium,2,1.8738896507801028,Medium
R16063,2026-06-15,17,Library,Medium,2,1.9190415397413039,Medium
R18663,2026-06-15,18,Library,High,3,1.945614181714984,Medium
R17846,2026-06-15,18,Library,Low,1,2.018210146758428,Medium
R29811,2026-06-16,6,Library,Low,1,1.0003225806451612,Low
R17441,2026-06-16,7,Library,Low,1,1.2133401723421844,Low
R10619,2026-06-16,9,Library,Low,1,1.9803569982988052,Medium
R26829,2026-06-16,10,Library,Low,1,1.2085097051039404,Low
R22427,2026-06-16,10,Library,Low,1,1.2031768096087228,Low
R14214,2026-06-16,11,Library,Low,1,1.0042822098983657,Low
R18401,2026-06-16,12,Library,Low,1,1.0103339259728725,Low
R10043,2026-06-16,12,Library,Low,1,1.230558100098654,Low
R19111,2026-06-16,13,Library,Low,1,1.011548722882643,Low
R19976,2026-06-16,14,Library,Low,1,1.0130353856765433,Low
R12921,2026-06-16,14,Library,Low,1,1.0050217320418111,Low
R13336,2026-06-16,17,Library,High,3,1.9684508593156103,Medium
R17209,2026-06-16,18,Library,High,3,2.093187121665657,Medium
R17617,2026-06-16,18,Library,High,3,1.9846773660439794,Medium
R18844,2026-06-17,6,Library,Low,1,1.015,Low
R19539,2026-06-17,7,Library,Low,1,1.1146710460863973,Low
R15103,2026-06-17,7,Library,Low,1,1.0776205824975695,Low
R23639,2026-06-17,9,Library,Medium,2,1.853306830888436,Medium
R28978,2026-06-17,10,Library,Medium,2,1.1385202451407215,Low
R14264,2026-06-17,15,Library,Low,1,1.0639676601729111,Low
R19995,2026-06-17,15,Library,Low,1,1.012191211435626,Low
R16977,2026-06-17,17,Library,Medium,2,2.064101897715523,Medium
R11340,2026-06-17,17,Library,Medium,2,2.0240920968849947,Medium
R25730,2026-06-17,17,Library,Medium,2,2.0234797656214054,Medium
R23449,2026-06-17,17,Library,High,3,1.997251749791972,Medium
R17358,2026-06-17,17,Library,High,3,2.081130888616852,Medium
R21933,2026-06-17,17,Library,Medium,2,1.988663617317733,Medium
R26784,2026-06-17,18,Library,Medium,2,2.014196606781717,Medium
R28665,2026-06-17,18,Library,Low,1,1.9809347216480915,Medium
R24737,2026-06-17,19,Library,Medium,2,2.068073913089775,Medium
R11150,2026-06-17,20,Library,Low,1,1.1727109340519597,Low
R16254,2026-06-18,1,Library,Low,1,1.0088920460568536,Low
R20941,2026-06-18,7,Library,Low,1,1.1153484176863961,Low
R12513,2026-06-18,10,Library,Medium,2,1.11797641258915,Low
R24767,2026-06-18,10,Library,Low,1,1.2414115625318392,Low
R21288,2026-06-18,10,Library,Medium,2,1.1655358629956512,Low
R13600,2026-06-18,10,Library,Low,1,1.0865182654853198,Low
R14224,2026-06-18,11,Library,Medium,2,1.1158498480329202,Low
R13176,2026-06-18,15,Library,Low,1,1.1174321759888954,Low
R14145,2026-06-18,16,Library,Low,1,1.1401649415558026,Low
R13729,2026-06-18,16,Library,Low,1,1.269289116513624,Low
R15885,2026-06-18,17,Library,Medium,2,1.892331994031241,Medium
R15167,2026-06-18,19,Library,Medium,2,2.071704589356568,Medium
R22106,2026-06-18,19,Library,Medium,2,2.1972461215859718,Medium
R20268,2026-06-18,20,Library,Low,1,1.2155016418879396,Low
R26318,2026-06-18,21,Library,Low,1,1.389,Low
R12884,2026-06-18,21,Library,Low,1,1.0315,Low
R28559,2026-06-19,0,Library,Low,1,1.0275742587941277,Low
R14927,2026-06-19,8,Library,Medium,2,2.0009425123650297,Medium
R23127,2026-06-19,10,Library,Low,1,1.2898229579903306,Low
R22157,2026-06-19,10,Library,Medium,2,1.1443039683633818,Low
R10361,2026-06-19,11,Library,Low,1,1.1077808131513591,Low
R29047,2026-06-19,13,Library,Low,1,1.0458565191458689,Low
R20408,2026-06-19,13,Library,Low,1,1.002341643629418,Low
R16751,2026-06-19,13,Library,Low,1,1.0347143653079984,Low
R14189,2026-06-19,15,Library,Low,1,1.1343117905915927,Low
R26149,2026-06-19,15,Library,Low,1,1.037059505806231,Low
R18346,2026-06-19,17,Library,High,3,1.8947503447533294,Medium
R29971,2026-06-19,18,Library,Low,1,2.052310634429694,Medium
R10141,2026-06-20,7,Library,Low,1,1.0,Low
R15526,2026-06-20,8,Library,Low,1,1.098199306511455,Low
R21584,2026-06-20,10,Library,Low,1,1.0235867650043857,Low
R20910,2026-06-20,15,Library,Low,1,1.0,Low
R27000,2026-06-20,16,Library,Low,1,1.0,Low
R23113,2026-06-20,17,Library,Low,1,1.2538037595876346,Low
R13732,2026-06-21,6,Library,Low,1,1.0,Low
R27327,2026-06-21,7,Library,Low,1,1.0,Low
R16843,2026-06-21,8,Library,Low,1,1.2449379700057075,Low
R14278,2026-06-21,9,Library,Low,1,1.0919749592093968,Low
R16309,2026-06-21,10,Library,Low,1,1.0048100565711546,Low
R19272,2026-06-21,12,Library,Low,1,1.0,Low
R22458,2026-06-21,12,Library,Low,1,1.0,Low
R22379,2026-06-21,12,Library,Low,1,1.0,Low
R12103,2026-06-21,12,Library,Low,1,1.0,Low
R11293,2026-06-21,13,Library,Low,1,1.0,Low
R26933,2026-06-21,14,Library,Low,1,1.0,Low
R28400,2026-06-21,15,Library,Low,1,1.0,Low
R22571,2026-06-21,18,Library,Low,1,1.2826601373737543,Low
R12280,2026-06-21,18,Library,Low,1,1.3417562006679427,Low
R11394,2026-06-21,18,Library,Medium,2,1.1060062267558128,Low
R22040,2026-06-21,19,Library,Low,1,1.274225257105875,Low
R29559,2026-06-21,19,Library,Low,1,1.2260330934096073,Low
R14816,2026-06-22,8,Library,Medium,2,1.927519329876089,Medium
R27829,2026-06-22,10,Library,Low,1,1.2571167672115633,Low
R29122,2026-06-22,10,Library,Low,1,1.1648904472019728,Low
R21537,2026-06-22,11,Library,Low,1,1.0508050406901517,Low
R28628,2026-06-22,12,Library,Low,1,1.0398126757773263,Low
R18447,2026-06-22,12,Library,Low,1,1.0503128968423234,Low
R14760,2026-06-22,13,Library,Low,1,1.0494820015195012,Low
R16192,2026-06-22,14,Library,Low,1,1.232458475348442,Low
R21850,2026-06-22,15,Library,Low,1,1.1337582113044697,Low
R13575,2026-06-22,15,Library,Low,1,1.110868495910582,Low
R27834,2026-06-22,16,Library,Low,1,1.1571996551404231,Low
R10741,2026-06-22,17,Library,Medium,2,1.8209277667289627,Medium
R21220,2026-06-22,17,Library,Medium,2,2.083424669030868,Medium
R14721,2026-06-22,18,Library,Low,1,1.9584560607201313,Medium
R23421,2026-06-22,19,Library,Low,1,2.123091446397292,Medium
R13142,2026-06-22,20,Library,Low,1,1.1982986010207226,Low
R15914,2026-06-22,21,Library,Low,1,1.0,Low
R24871,2026-06-23,1,Library,Low,1,1.0003850949593223,Low
R18515,2026-06-23,2,Library,Low,1,1.0003998560972718,Low
R25305,2026-06-23,6,Library,Low,1,1.0,Low
R18940,2026-06-23,8,Library,Medium,2,1.8812191282046289,Medium
R21394,2026-06-23,9,Library,Medium,2,1.9119655015272417,Medium
R21058,2026-06-23,9,Library,High,3,1.8755992131818773,Medium
R10344,2026-06-23,9,Library,Medium,2,2.1190448366670984,Medium
R29950,2026-06-23,10,Library,Low,1,1.1202413351716465,Low
R13313,2026-06-23,16,Library,Low,1,1.2336635353217509,Low
R26586,2026-06-23,17,Library,Medium,2,1.9394360946308953,Medium
R22233,2026-06-23,17,Library,Medium,2,1.8683958675129528,Medium
R21071,2026-06-23,20,Library,Low,1,1.208880047359728,Low
R25238,2026-06-24,6,Library,Low,1,1.01,Low
R26965,2026-06-24,6,Library,Low,1,1.0000390625,Low
R27819,2026-06-24,6,Library,Low,1,1.0,Low
R29392,2026-06-24,11,Library,Low,1,1.0244257844990103,Low
R16788,2026-06-24,11,Library,Low,1,1.0245935473633063,Low
R24817,2026-06-24,11,Library,Low,1,1.0982930431137539,Low
R16629,2026-06-24,13,Library,Low,1,1.0114694785081064,Low
R19794,2026-06-24,13,Library,Low,1,1.0221428592711146,Low
R13150,2026-06-24,13,Library,Low,1,1.0055560260918532,Low
R18963,2026-06-24,16,Library,Low,1,1.1004175118455324,Low
R16297,2026-06-24,17,Library,Medium,2,2.0298985587886387,Medium
R27661,2026-06-24,17,Library,High,3,2.026687028403862,Medium
R25953,2026-06-25,6,Library,Low,1,1.01,Low
R28612,2026-06-25,7,Library,Low,1,1.2071204335499315,Low
R19576,2026-06-25,8,Library,Medium,2,2.0349261302215735,Medium
R29323,2026-06-25,8,Library,Medium,2,1.97123804102618,Medium
R12070,2026-06-25,8,Library,Medium,2,1.9576777414950493,Medium
R12127,2026-06-25,9,Library,Medium,2,1.9039765186123432,Medium
R24917,2026-06-25,9,Library,Medium,2,1.8865635517455042,Medium
R29645,2026-06-25,9,Library,Medium,2,1.9566626822010795,Medium
R21992,2026-06-25,10,Library,Low,1,1.1578589340411929,Low
R27608,2026-06-25,12,Library,Low,1,1.0077767576331575,Low
R23702,2026-06-25,12,Library,Low,1,1.0003890805227464,Low
R18113,2026-06-25,13,Library,Low,1,1.0275003773634326,Low
R26847,2026-06-25,14,Library,Low,1,1.0727095438108731,Low
R13182,2026-06-25,16,Library,Low,1,1.2006421828726017,Low
R24061,2026-06-25,17,Library,Medium,2,2.0160451696499426,Medium
R25497,2026-06-25,17,Library,Medium,2,2.1701288091393125,Medium
R17871,2026-06-25,18,Library,Medium,2,1.971787712466227,Medium
R19113,2026-06-25,18,Library,Medium,2,1.8976053360894993,Medium
R25178,2026-06-25,19,Library,Medium,2,2.1354680311549665,Medium
R11764,2026-06-25,19,Library,High,3,2.0456690925935153,Medium
R29188,2026-06-25,20,Library,Medium,2,1.1622980599997519,Low
R26762,2026-06-25,22,Library,Low,1,1.1380555555555556,Low
R10835,2026-06-26,13,Library,Low,1,1.0559846473198258,Low
R14263,2026-06-26,16,Library,Medium,2,1.3174707695789514,Low
R23377,2026-06-26,16,Library,Low,1,1.3056323978962243,Low
R10554,2026-06-26,17,Library,Medium,2,1.988865231695176,Medium
R16546,2026-06-26,17,Library,Low,1,2.0684038665991937,Medium
R14892,2026-06-26,17,Library,High,3,1.9606027384572808,Medium
R13271,2026-06-26,17,Library,Low,1,1.9662698242538557,Medium
R17280,2026-06-26,17,Library,Low,1,1.9508269103213263,Medium
R13258,2026-06-26,18,Library,Medium,2,1.9087632676751332,Medium
R13317,2026-06-26,18,Library,Medium,2,1.9868575476904484,Medium
R28447,2026-06-26,19,Library,Medium,2,2.026691161523979,Medium
R25237,2026-06-26,20,Library,Low,1,1.1141754083349715,Low
R26597,2026-06-26,23,Library,Low,1,1.195,Low
R14960,2026-06-27,1,Library,Low,1,1.0,Low
R25599,2026-06-27,7,Library,Low,1,1.0,Low
R26124,2026-06-27,8,Library,Low,1,1.1800263649319023,Low
R14852,2026-06-27,8,Library,Low,1,1.1529256823510174,Low
R11837,2026-06-27,9,Library,Low,1,1.358616460669647,Low
R12438,2026-06-27,10,Library,Low,1,1.0169703586699774,Low
R16087,2026-06-27,13,Library,Low,1,1.01,Low
R14434,2026-06-27,13,Library,Low,1,1.0,Low
R22821,2026-06-27,17,Library,Low,1,1.2035996056075555,Low
R19731,2026-06-27,17,Library,Low,1,1.219453501874214,Low
R29570,2026-06-27,17,Library,Low,1,1.2512126392130267,Low
R18649,2026-06-27,18,Library,Low,1,1.1719528495636298,Low
R24475,2026-06-27,19,Library,Medium,2,1.3223267495143767,Low
R18345,2026-06-27,19,Library,Medium,2,1.1683691975114032,Low
R17735,2026-06-27,21,Library,Low,1,1.0,Low
R23581,2026-06-27,22,Library,Low,1,1.0,Low
R20988,2026-06-28,7,Library,Low,1,1.0,Low
R16188,2026-06-28,7,Library,Low,1,1.0,Low
R14160,2026-06-28,7,Library,Low,1,1.0,Low
R22758,2026-06-28,9,Library,Low,1,1.1292415542144307,Low
R27994,2026-06-28,9,Library,Low,1,1.1408132585062618,Low
R25782,2026-06-28,9,Library,Medium,2,1.085286645709052,Low
R17914,2026-06-28,10,Library,Low,1,1.0247574368899972,Low
R20140,2026-06-28,11,Library,Low,1,1.0,Low
R15944,2026-06-28,13,Library,Low,1,1.0,Low
R26936,2026-06-28,18,Library,Low,1,1.1465582031829162,Low
R24919,2026-06-28,18,Library,Low,1,1.1603633896680718,Low
R14694,2026-06-28,21,Library,Low,1,1.0,Low
R14709,2026-06-28,21,Library,Low,1,1.0,Low
R24556,2026-06-29,7,Library,Low,1,1.167236189381889,Low
R11082,2026-06-29,8,Library,Medium,2,1.898372483630258,Medium
R18053,2026-06-29,9,Library,Medium,2,1.9133030877548618,Medium
R25426,2026-06-29,9,Library,Medium,2,1.8987186529760194,Medium
R12350,2026-06-29,12,Library,Low,1,1.007936357245422,Low
R24365,2026-06-29,12,Library,Low,1,1.0119021992050534,Low
R15222,2026-06-29,12,Library,Low,1,1.0377333019599313,Low
R11156,2026-06-29,13,Library,Low,1,1.201084349786647,Low
R26903,2026-06-29,15,Library,Low,1,1.0871350147381444,Low
R12399,2026-06-29,15,Library,Low,1,1.0099307068925156,Low
R23065,2026-06-29,16,Library,Low,1,1.2682625822753248,Low
R10181,2026-06-29,16,Library,Low,1,1.195947861569759,Low
R28803,2026-06-29,17,Library,Medium,2,1.9331871392031714,Medium
R10571,2026-06-29,18,Library,Medium,2,2.005718674986846,Medium
R28123,2026-06-29,18,Library,Medium,2,2.025738264126552,Medium
R10472,2026-06-29,18,Library,Medium,2,1.9504283717323474,Medium
R11681,2026-06-29,21,Library,Low,1,1.01,Low
R23246,2026-06-29,22,Library,Low,1,1.005,Low
R22149,2026-06-30,4,Library,Low,1,1.0164285714285715,Low
R17392,2026-06-30,7,Library,Low,1,1.098085382489193,Low
R14067,2026-06-30,7,Library,Medium,2,1.1764742357114542,Low
R11621,2026-06-30,7,Library,Low,1,1.1767646993870133,Low
R17136,2026-06-30,11,Library,Low,1,1.0021571693221074,Low
R21324,2026-06-30,21,Library,Low,1,1.0216666666666667,Low
R15455,2026-05-26,6,Main Gate,Low,1,1.0010119952236212,Low
R29161,2026-05-26,8,Main Gate,Medium,2,1.8105309429856886,Medium
R10657,2026-05-26,9,Main Gate,Medium,2,1.8342983582086512,Medium
R12761,2026-05-26,9,Main Gate,Medium,2,1.8565360701684221,Medium
R24566,2026-05-26,9,Main Gate,Medium,2,1.856808157182215,Medium
R14708,2026-05-26,10,Main Gate,Low,1,1.256696140630843,Low
R29924,2026-05-26,13,Main Gate,Low,1,1.001534023006573,Low
R27756,2026-05-26,14,Main Gate,Low,1,1.001604372597685,Low
R28680,2026-05-26,15,Main Gate,Low,1,1.00053478148944,Low
R21183,2026-05-26,17,Main Gate,Medium,2,1.9868854033515435,Medium
R24696,2026-05-26,19,Main Gate,Medium,2,1.8618040725347682,Medium
R12097,2026-05-27,6,Main Gate,Low,1,1.0008334237950498,Low
R28694,2026-05-27,6,Main Gate,Low,1,1.0008334237950498,Low
R25968,2026-05-27,9,Main Gate,Low,1,1.8993091301346083,Medium
R25687,2026-05-27,10,Main Gate,Low,1,1.2559149469727995,Low
R26202,2026-05-27,15,Main Gate,Low,1,1.0090132263692195,Low
R21873,2026-05-27,15,Main Gate,Low,1,1.0411562300423767,Low
R16854,2026-05-27,16,Main Gate,Low,1,1.1051507707093133,Low
R24330,2026-05-27,17,Main Gate,Medium,2,1.9220300797293708,Medium
R15471,2026-05-28,2,Main Gate,Low,1,1.05201113891769,Low
R17652,2026-05-28,8,Main Gate,Medium,2,1.7169434465893545,Medium
R29712,2026-05-28,9,Main Gate,Medium,2,1.7568895890367413,Medium
R11528,2026-05-28,10,Main Gate,Medium,2,1.2260637530068086,Low
R17891,2026-05-28,10,Main Gate,Low,1,1.1976525155376734,Low
R25754,2026-05-28,12,Main Gate,Low,1,1.0057066230489968,Low
R18656,2026-05-28,15,Main Gate,Low,1,1.0233002218310643,Low
R14076,2026-05-28,16,Main Gate,Low,1,1.2085314738605095,Low
R25838,2026-05-28,17,Main Gate,Medium,2,1.767842902996294,Medium
R11282,2026-05-28,17,Main Gate,Medium,2,1.8576354891286775,Medium
R13088,2026-05-28,18,Main Gate,Medium,2,1.839090973647762,Medium
R17568,2026-05-28,19,Main Gate,Medium,2,1.7461043003040073,Medium
R16289,2026-05-28,21,Main Gate,Low,1,1.0,Low
R10259,2026-05-28,22,Main Gate,Low,1,1.0,Low
R26944,2026-05-29,6,Main Gate,Low,1,1.003928661890288,Low
R26923,2026-05-29,7,Main Gate,Medium,2,1.1051773373192113,Low
R16771,2026-05-29,7,Main Gate,Low,1,1.2284570646704724,Low
R24497,2026-05-29,10,Main Gate,Low,1,1.1626472143304896,Low
R22562,2026-05-29,12,Main Gate,Low,1,1.0208347773160746,Low
R12444,2026-05-29,12,Main Gate,Low,1,1.00568455778571,Low
R11141,2026-05-29,15,Main Gate,Low,1,1.008225491797176,Low
R17980,2026-05-29,16,Main Gate,Low,1,1.1943144606150427,Low
R18758,2026-05-29,16,Main Gate,Low,1,1.0998565158374118,Low
R24798,2026-05-29,17,Main Gate,Medium,2,1.8976933229758128,Medium
R14883,2026-05-29,17,Main Gate,Medium,2,1.875221140328236,Medium
R17146,2026-05-29,17,Main Gate,Medium,2,1.8761736700890317,Medium
R28285,2026-05-30,7,Main Gate,Low,1,1.0,Low
R21553,2026-05-30,8,Main Gate,Medium,2,1.0896240422719243,Low
R16337,2026-05-30,8,Main Gate,Low,1,1.193745851677987,Low
R15148,2026-05-30,9,Main Gate,Low,1,1.1994105681176155,Low
R12302,2026-05-30,10,Main Gate,Low,1,1.00274882690693,Low
R18398,2026-05-30,11,Main Gate,Low,1,1.0,Low
R22732,2026-05-30,11,Main Gate,Low,1,1.0,Low
R12637,2026-05-30,11,Main Gate,Low,1,1.0,Low
R19543,2026-05-30,16,Main Gate,Low,1,1.0,Low
R24943,2026-05-30,16,Main Gate,Low,1,1.0,Low
R13215,2026-05-30,17,Main Gate,Low,1,1.2296699001173095,Low
R29112,2026-05-30,18,Main Gate,Low,1,1.1174155668387085,Low
R18761,2026-05-31,7,Main Gate,Low,1,1.0,Low
R19596,2026-05-31,8,Main Gate,Low,1,1.1414605068770967,Low
R16313,2026-05-31,9,Main Gate,Low,1,1.1590051117942954,Low
R25948,2026-05-31,9,Main Gate,Low,1,1.1210399917708609,Low
R20661,2026-05-31,10,Main Gate,Low,1,1.0179636492145483,Low
R12342,2026-05-31,11,Main Gate,Low,1,1.0,Low
R25847,2026-05-31,11,Main Gate,Low,1,1.0,Low
R14603,2026-05-31,16,Main Gate,Low,1,1.0,Low
R27801,2026-05-31,17,Main Gate,Low,1,1.31467039086889,Low
R22930,2026-05-31,19,Main Gate,Low,1,1.365392085629131,Low
R18468,2026-06-01,7,Main Gate,Low,1,1.2366886198235936,Low
R27947,2026-06-01,9,Main Gate,Medium,2,1.802967166230304,Medium
R10366,2026-06-01,10,Main Gate,Low,1,1.163774344503152,Low
R13517,2026-06-01,13,Main Gate,Low,1,1.0030643582229355,Low
R27498,2026-06-01,14,Main Gate,Low,1,1.0493297662481815,Low
R20084,2026-06-01,14,Main Gate,Low,1,1.0015772843200996,Low
R16982,2026-06-01,17,Main Gate,Low,1,1.740845245444488,Medium
R19029,2026-06-01,18,Main Gate,High,3,2.059137782197848,Medium
R22119,2026-06-01,19,Main Gate,Low,1,1.7025378026482547,Medium
R19362,2026-06-01,20,Main Gate,Low,1,1.150519379127723,Low
R26880,2026-06-01,22,Main Gate,Low,1,1.0502083333333332,Low
R11371,2026-06-01,23,Main Gate,Low,1,1.0002083333333334,Low
R20226,2026-06-02,3,Main Gate,Low,1,1.2079706790123457,Low
R13854,2026-06-02,8,Main Gate,Medium,2,1.8829397487679858,Medium
R22726,2026-06-02,9,Main Gate,Medium,2,1.8846151457859148,Medium
R29617,2026-06-02,9,Main Gate,Medium,2,1.8706662497678699,Medium
R25582,2026-06-02,15,Main Gate,Low,1,1.0011463058076395,Low
R13844,2026-06-02,16,Main Gate,Medium,2,1.1675080282172554,Low
R19318,2026-06-02,16,Main Gate,Low,1,1.142989057253751,Low
R12243,2026-06-02,16,Main Gate,Low,1,1.1269742979771815,Low
R16566,2026-06-02,19,Main Gate,Medium,2,2.034723874238578,Medium
R24778,2026-06-03,6,Main Gate,Low,1,1.00024748629505,Low
R23442,2026-06-03,7,Main Gate,Low,1,1.0738723868673814,Low
R17060,2026-06-03,8,Main Gate,Medium,2,1.9321824937099417,Medium
R17215,2026-06-03,9,Main Gate,Medium,2,1.9713354713434565,Medium
R24157,2026-06-03,10,Main Gate,Low,1,1.2995237144978369,Low
R11421,2026-06-03,12,Main Gate,Low,1,1.0050221845657838,Low
R27948,2026-06-03,15,Main Gate,Low,1,1.0113489266951061,Low
R19758,2026-06-03,16,Main Gate,Low,1,1.1606106512287218,Low
R29384,2026-06-03,16,Main Gate,Medium,2,1.2293088919371222,Low
R21321,2026-06-03,17,Main Gate,Medium,2,1.9515033862123565,Medium
R13131,2026-06-03,19,Main Gate,Low,1,1.9259684369079506,Medium
R15983,2026-06-04,7,Main Gate,Medium,2,1.2085702892185153,Low
R24619,2026-06-04,11,Main Gate,Low,1,1.0039215362870864,Low
R26692,2026-06-04,13,Main Gate,Low,1,1.0053023769263107,Low
R21271,2026-06-04,16,Main Gate,Medium,2,1.2041085713888642,Low
R24584,2026-06-04,17,Main Gate,Medium,2,1.8904394130286155,Medium
R15626,2026-06-04,17,Main Gate,Medium,2,1.876127610794746,Medium
R19985,2026-06-04,17,Main Gate,Medium,2,1.913217982977718,Medium
R15001,2026-06-04,18,Main Gate,Medium,2,1.9314816025800672,Medium
R26542,2026-06-05,7,Main Gate,Low,1,1.3313254041863558,Low
R23142,2026-06-05,8,Main Gate,Medium,2,2.0237045902906043,Medium
R29294,2026-06-05,8,Main Gate,Medium,2,1.9464625264018245,Medium
R13391,2026-06-05,9,Main Gate,Medium,2,2.0055016588065895,Medium
R25612,2026-06-05,9,Main Gate,High,3,1.9580474835936024,Medium
R18021,2026-06-05,13,Main Gate,Low,1,1.0575962068852536,Low
R15146,2026-06-05,15,Main Gate,Low,1,1.0349533384483616,Low
R27368,2026-06-05,16,Main Gate,Low,1,1.116444210447677,Low
R14632,2026-06-05,16,Main Gate,Low,1,1.1617909871958583,Low
R11186,2026-06-05,18,Main Gate,Medium,2,1.8957830173901038,Medium
R13699,2026-06-05,20,Main Gate,Medium,2,1.0955994512256746,Low
R11084,2026-06-06,0,Main Gate,Low,1,1.0,Low
R16901,2026-06-06,6,Main Gate,Low,1,1.0,Low
R25098,2026-06-06,7,Main Gate,Low,1,1.0,Low
R11087,2026-06-06,7,Main Gate,Low,1,1.0,Low
R27011,2026-06-06,8,Main Gate,Low,1,1.2097879212023779,Low
R20917,2026-06-06,8,Main Gate,Low,1,1.178409826669745,Low
R14391,2026-06-06,9,Main Gate,Low,1,1.2942856718186744,Low
R16717,2026-06-06,12,Main Gate,Low,1,1.0,Low
R25448,2026-06-06,12,Main Gate,Low,1,1.0,Low
R21943,2026-06-06,12,Main Gate,Low,1,1.0005882352941178,Low
R26259,2026-06-06,13,Main Gate,Low,1,1.0,Low
R21662,2026-06-06,15,Main Gate,Low,1,1.0,Low
R26689,2026-06-06,15,Main Gate,Low,1,1.0,Low
R23982,2026-06-06,17,Main Gate,Low,1,1.2443731000354807,Low
R27880,2026-06-06,20,Main Gate,Low,1,1.0,Low
R19916,2026-06-06,21,Main Gate,Low,1,1.0,Low
R12738,2026-06-07,6,Main Gate,Low,1,1.0,Low
R18614,2026-06-07,6,Main Gate,Low,1,1.0,Low
R10300,2026-06-07,8,Main Gate,Low,1,1.113125409154149,Low
R18503,2026-06-07,8,Main Gate,Low,1,1.1982465382357188,Low
R21536,2026-06-07,11,Main Gate,Low,1,1.0,Low
R16925,2026-06-07,12,Main Gate,Low,1,1.0,Low
R19882,2026-06-07,14,Main Gate,Low,1,1.0,Low
R12310,2026-06-07,15,Main Gate,Low,1,1.0,Low
R25492,2026-06-07,16,Main Gate,Low,1,1.0,Low
R29120,2026-06-07,17,Main Gate,Low,1,1.2323421242479817,Low
R29258,2026-06-07,17,Main Gate,Low,1,1.3171491370623558,Low
R25535,2026-06-07,17,Main Gate,Medium,2,1.205747783203577,Low
R26001,2026-06-07,18,Main Gate,Low,1,1.3022374486153243,Low
R21292,2026-06-07,20,Main Gate,Low,1,1.0,Low
R17952,2026-06-08,6,Main Gate,Low,1,1.0109099544072948,Low
R14750,2026-06-08,8,Main Gate,Low,1,1.876136441360754,Medium
R11639,2026-06-08,8,Main Gate,Medium,2,1.8651132498881913,Medium
R13711,2026-06-08,10,Main Gate,Low,1,1.3661777242694495,Low
R20435,2026-06-08,10,Main Gate,Low,1,1.3831744238270733,Low
R23375,2026-06-08,12,Main Gate,Low,1,1.0052795266510262,Low
R10616,2026-06-08,12,Main Gate,Low,1,1.0441646281226709,Low
R26199,2026-06-08,13,Main Gate,Low,1,1.0055722816000066,Low
R15749,2026-06-08,13,Main Gate,Low,1,1.0031195947177332,Low
R21098,2026-06-08,16,Main Gate,Low,1,1.2442103109132785,Low
R26581,2026-06-08,16,Main Gate,Low,1,1.2442103109132785,Low
R26806,2026-06-08,17,Main Gate,Medium,2,2.1185747213906465,Medium
R15830,2026-06-08,18,Main Gate,Low,1,2.0052339926152865,Medium
R28692,2026-06-08,19,Main Gate,Medium,2,1.8004683468592255,Medium
R21640,2026-06-09,1,Main Gate,Low,1,1.0071717025439735,Low
R15808,2026-06-09,6,Main Gate,Low,1,1.0003869952236213,Low
R11690,2026-06-09,8,Main Gate,High,3,1.8587732230958651,Medium
R15250,2026-06-09,8,Main Gate,Medium,2,2.1296929234497877,Medium
R27984,2026-06-09,13,Main Gate,Low,1,1.0010521366868605,Low
R15142,2026-06-09,15,Main Gate,Low,1,1.0008880524696155,Low
R28095,2026-06-09,17,Main Gate,Medium,2,1.9814568188593387,Medium
R23327,2026-06-09,18,Main Gate,Medium,2,1.8916396517101686,Medium
R12424,2026-06-09,19,Main Gate,Medium,2,1.919891277861121,Medium
R26877,2026-06-10,8,Main Gate,Medium,2,1.9286278652643531,Medium
R20631,2026-06-10,8,Main Gate,Medium,2,2.0129822970384494,Medium
R12769,2026-06-10,9,Main Gate,Medium,2,1.8861955137945452,Medium
R11808,2026-06-10,10,Main Gate,Low,1,1.1334159444506917,Low
R12853,2026-06-10,10,Main Gate,Medium,2,1.169436286907184,Low
R28056,2026-06-10,10,Main Gate,Low,1,1.1436259526884658,Low
R24537,2026-06-10,11,Main Gate,Low,1,1.0018914631217377,Low
R26353,2026-06-10,15,Main Gate,Low,1,1.0388158972502328,Low
R13306,2026-06-10,16,Main Gate,Low,1,1.0842742205091251,Low
R20001,2026-06-10,16,Main Gate,Low,1,1.0842742205091251,Low
R24900,2026-06-10,19,Main Gate,Medium,2,1.953472658031924,Medium
R28013,2026-06-11,11,Main Gate,Low,1,1.0150810067009652,Low
R10751,2026-06-11,14,Main Gate,Low,1,1.0212607524383313,Low
R24315,2026-06-11,14,Main Gate,Low,1,1.014639436695519,Low
R24339,2026-06-11,14,Main Gate,Low,1,1.0309066186333333,Low
R29794,2026-06-11,16,Main Gate,Low,1,1.189471344121977,Low
R14223,2026-06-11,16,Main Gate,Low,1,1.1604765727846622,Low
R18817,2026-06-11,18,Main Gate,Medium,2,1.9002321676409872,Medium
R27611,2026-06-12,7,Main Gate,Medium,2,1.2537976878312278,Low
R28103,2026-06-12,7,Main Gate,Low,1,1.161063442699927,Low
R26640,2026-06-12,7,Main Gate,Medium,2,1.4406763606485145,Low
R22103,2026-06-12,9,Main Gate,Medium,2,1.9259591988580518,Medium
R29541,2026-06-12,9,Main Gate,Medium,2,1.7797690187998956,Medium
R26475,2026-06-12,14,Main Gate,Low,1,1.0015980762321643,Low
R24789,2026-06-12,15,Main Gate,Low,1,1.0020611227654541,Low
R28473,2026-06-12,16,Main Gate,Medium,2,1.2183212556200633,Low
R22593,2026-06-12,17,Main Gate,Low,1,1.797328569674493,Medium
R20171,2026-06-12,18,Main Gate,Medium,2,1.799781697433732,Medium
R23699,2026-06-12,19,Main Gate,Medium,2,1.7792745708915112,Medium
R26467,2026-06-12,20,Main Gate,Low,1,1.188706377660104,Low
R21380,2026-06-12,20,Main Gate,Low,1,1.215032853694355,Low
R22472,2026-06-12,21,Main Gate,Low,1,1.0,Low
R10222,2026-06-13,7,Main Gate,Low,1,1.0,Low
R13156,2026-06-13,8,Main Gate,Low,1,1.6118610769828912,Medium
R25728,2026-06-13,9,Main Gate,Low,1,1.1655623837168412,Low
R10526,2026-06-13,9,Main Gate,Low,1,1.2257661179651282,Low
R21716,2026-06-13,10,Main Gate,Low,1,1.003202068241253,Low
R11364,2026-06-13,10,Main Gate,Low,1,1.0020940257190072,Low
R10679,2026-06-13,13,Main Gate,Low,1,1.000041806020067,Low
R25606,2026-06-13,15,Main Gate,Low,1,1.0,Low
R17956,2026-06-13,15,Main Gate,Low,1,1.0,Low
R15856,2026-06-13,17,Main Gate,Low,1,1.119932912839385,Low
R22515,2026-06-13,18,Main Gate,Low,1,1.1358146879319055,Low
R27738,2026-06-13,18,Main Gate,Medium,2,1.275543724694193,Low
R14514,2026-06-13,21,Main Gate,Low,1,1.0,Low
R11328,2026-06-14,8,Main Gate,Medium,2,1.1919062868906938,Low
R20741,2026-06-14,8,Main Gate,Low,1,1.0893031789799166,Low
R15259,2026-06-14,8,Main Gate,Low,1,1.1275782629719966,Low
R21824,2026-06-14,10,Main Gate,Low,1,1.0024236064602328,Low
R29034,2026-06-14,11,Main Gate,Low,1,1.0,Low
R27361,2026-06-14,13,Main Gate,Low,1,1.0,Low
R20241,2026-06-14,13,Main Gate,Low,1,1.0,Low
R25389,2026-06-14,15,Main Gate,Low,1,1.0,Low
R13756,2026-06-14,17,Main Gate,Low,1,1.1493377051521518,Low
R24890,2026-06-14,19,Main Gate,Low,1,1.226865986580967,Low
R24168,2026-06-14,21,Main Gate,Low,1,1.0,Low
R25702,2026-06-15,5,Main Gate,Low,1,1.0010119952236212,Low
R16163,2026-06-15,7,Main Gate,Medium,2,1.0727497890315,Low
R19408,2026-06-15,7,Main Gate,Low,1,1.1787637216577003,Low
R19440,2026-06-15,8,Main Gate,Medium,2,1.9519195431078862,Medium
R28467,2026-06-15,10,Main Gate,Low,1,1.10168223551177,Low
R11040,2026-06-15,10,Main Gate,Low,1,1.1272413988773913,Low
R12503,2026-06-15,11,Main Gate,Low,1,1.0008091803849883,Low
R25996,2026-06-15,19,Main Gate,Medium,2,1.9037518070018,Medium
R29944,2026-06-15,20,Main Gate,Medium,2,1.2323629453543388,Low
R13153,2026-06-15,20,Main Gate,Low,1,1.1136715085599134,Low
R29221,2026-06-16,7,Main Gate,Low,1,1.1910602274803372,Low
R14320,2026-06-16,8,Main Gate,Medium,2,1.9511966957088054,Medium
R24068,2026-06-16,9,Main Gate,Medium,2,1.7298327295220923,Medium
R27480,2026-06-16,10,Main Gate,Low,1,1.2272617096233036,Low
R24854,2026-06-16,10,Main Gate,Low,1,1.1402198722171297,Low
R26302,2026-06-16,11,Main Gate,Low,1,1.002923173634177,Low
R25374,2026-06-16,12,Main Gate,Low,1,1.0007818675000548,Low
R24858,2026-06-16,18,Main Gate,Medium,2,1.9209814372247942,Medium
R25117,2026-06-16,21,Main Gate,Low,1,1.005,Low
R25194,2026-06-16,22,Main Gate,Low,1,1.0,Low
R10581,2026-06-16,23,Main Gate,Low,1,1.0,Low
R27945,2026-06-17,7,Main Gate,Low,1,1.2321488184690041,Low
R20806,2026-06-17,10,Main Gate,Low,1,1.2382682004417291,Low
R19784,2026-06-17,11,Main Gate,Medium,2,1.0007545486432456,Low
R26993,2026-06-17,15,Main Gate,Low,1,1.0011411280339113,Low
R28832,2026-06-17,16,Main Gate,Low,1,1.1118073075180324,Low
R16832,2026-06-17,18,Main Gate,Medium,2,1.8616736805143335,Medium
R29741,2026-06-17,19,Main Gate,Low,1,1.8951926138723574,Medium
R23129,2026-06-17,20,Main Gate,Medium,2,1.117578391698518,Low
R14349,2026-06-18,7,Main Gate,Low,1,1.153857923478209,Low
R29335,2026-06-18,7,Main Gate,Low,1,1.2530769527512315,Low
R21014,2026-06-18,8,Main Gate,Medium,2,1.8415882947589362,Medium
R17336,2026-06-18,9,Main Gate,Low,1,1.8940095824262633,Medium
R13975,2026-06-18,9,Main Gate,Low,1,1.7783253746826047,Medium
R18544,2026-06-18,10,Main Gate,Low,1,1.1491844648102707,Low
R13362,2026-06-18,10,Main Gate,Low,1,1.1463053968608723,Low
R12274,2026-06-18,11,Main Gate,Low,1,1.0004402885711507,Low
R20841,2026-06-18,12,Main Gate,Low,1,1.0013700532416714,Low
R27967,2026-06-18,14,Main Gate,Medium,2,1.0021643204956638,Low
R26904,2026-06-18,16,Main Gate,Low,1,1.1210598691113907,Low
R14586,2026-06-18,17,Main Gate,Low,1,1.8393517664443442,Medium
R18017,2026-06-18,17,Main Gate,Medium,2,1.8598753320035288,Medium
R12687,2026-06-18,17,Main Gate,Low,1,1.8751010299035367,Medium
R12899,2026-06-18,19,Main Gate,Low,1,1.876087775104596,Medium
R24929,2026-06-19,6,Main Gate,Low,1,1.0120661932186088,Low
R10596,2026-06-19,7,Main Gate,Low,1,1.1857432186547867,Low
R16484,2026-06-19,7,Main Gate,Low,1,1.2885563979329975,Low
R23011,2026-06-19,9,Main Gate,Low,1,1.9035401367583602,Medium
R10150,2026-06-19,15,Main Gate,Low,1,1.0170129749310923,Low
R27792,2026-06-19,15,Main Gate,Low,1,1.0036398598183518,Low
R28401,2026-06-19,16,Main Gate,Medium,2,1.1677238948627628,Low
R13458,2026-06-19,17,Main Gate,Medium,2,1.835450539380669,Medium
R21025,2026-06-19,18,Main Gate,High,3,1.893347472023231,Medium
R17248,2026-06-19,18,Main Gate,Medium,2,1.8418360306530455,Medium
R13462,2026-06-19,20,Main Gate,Low,1,1.1423634176525255,Low
R22717,2026-06-19,20,Main Gate,Low,1,1.1521488361136345,Low
R12208,2026-06-19,22,Main Gate,Low,1,1.0,Low
R14782,2026-06-19,23,Main Gate,Low,1,1.015,Low
R23417,2026-06-20,6,Main Gate,Low,1,1.0,Low
R22673,2026-06-20,6,Main Gate,Low,1,1.0,Low
R16691,2026-06-20,7,Main Gate,Low,1,1.0,Low
R14907,2026-06-20,8,Main Gate,Low,1,1.142852589585629,Low
R28281,2026-06-20,8,Main Gate,Low,1,1.1044054474747727,Low
R27787,2026-06-20,8,Main Gate,Medium,2,1.0978614899745005,Low
R27901,2026-06-20,14,Main Gate,Low,1,1.0,Low
R27781,2026-06-20,15,Main Gate,Low,1,1.0,Low
R18292,2026-06-20,17,Main Gate,Low,1,1.1653315381547127,Low
R18713,2026-06-20,18,Main Gate,Low,1,1.2099173870569409,Low
R13815,2026-06-21,6,Main Gate,Low,1,1.0,Low
R27555,2026-06-21,8,Main Gate,Low,1,1.1732894790454655,Low
R17512,2026-06-21,8,Main Gate,Low,1,1.1650378733488282,Low
R29338,2026-06-21,9,Main Gate,Low,1,1.1285485168124654,Low
R18791,2026-06-21,9,Main Gate,Low,1,1.0762949830047341,Low
R10977,2026-06-21,10,Main Gate,Low,1,1.0024236064602328,Low
R17674,2026-06-21,10,Main Gate,Low,1,1.0060985313388264,Low
R25701,2026-06-21,11,Main Gate,Low,1,1.0,Low
R25866,2026-06-21,12,Main Gate,Low,1,1.0,Low
R23107,2026-06-21,14,Main Gate,Low,1,1.0,Low
R20106,2026-06-21,15,Main Gate,Low,1,1.0,Low
R17275,2026-06-21,15,Main Gate,Low,1,1.0,Low
R29437,2026-06-21,16,Main Gate,Low,1,1.0,Low
R26395,2026-06-21,16,Main Gate,Low,1,1.0,Low
R24564,2026-06-21,18,Main Gate,Medium,2,1.3912011316861774,Low
R29767,2026-06-21,23,Main Gate,Low,1,1.0,Low
R25310,2026-06-22,6,Main Gate,Low,1,1.0001063829787233,Low
R12367,2026-06-22,7,Main Gate,Medium,2,1.2753893545340282,Low
R15863,2026-06-22,14,Main Gate,Low,1,1.0573012457805837,Low
R28452,2026-06-22,16,Main Gate,Low,1,1.158349733698061,Low
R21757,2026-06-22,16,Main Gate,Low,1,1.18946594283447,Low
R27824,2026-06-22,16,Main Gate,Low,1,1.417489590453578,Low
R16035,2026-06-22,17,Main Gate,Medium,2,1.8958375447859643,Medium
R27831,2026-06-22,18,Main Gate,Medium,2,1.983680353376824,Medium
R20213,2026-06-22,21,Main Gate,Low,1,1.0005555555555556,Low
R14488,2026-06-23,1,Main Gate,Low,1,1.0148150793491677,Low
R14956,2026-06-23,6,Main Gate,Low,1,1.0010119952236212,Low
R13449,2026-06-23,10,Main Gate,Low,1,1.2319470423293954,Low
R28222,2026-06-23,10,Main Gate,Low,1,1.1856701850359854,Low
R29940,2026-06-23,10,Main Gate,Low,1,1.1977894054180667,Low
R13497,2026-06-23,10,Main Gate,Low,1,1.1902567376059567,Low
R11745,2026-06-23,12,Main Gate,Low,1,1.0002488388159891,Low
R22978,2026-06-23,15,Main Gate,Low,1,1.001074927329036,Low
R13207,2026-06-23,16,Main Gate,Low,1,1.1575329863577202,Low
R22696,2026-06-23,16,Main Gate,Low,1,1.13486051239274,Low
R28445,2026-06-23,17,Main Gate,Medium,2,1.8615762809088232,Medium
R13773,2026-06-24,0,Main Gate,Low,1,1.0138434320973684,Low
R13318,2026-06-24,7,Main Gate,Low,1,1.248770259217278,Low
R28930,2026-06-24,8,Main Gate,Medium,2,1.8939705550720123,Medium
R13049,2026-06-24,9,Main Gate,Medium,2,1.9057057650650835,Medium
R28765,2026-06-24,11,Main Gate,Low,1,1.0099641299785507,Low
R13868,2026-06-24,15,Main Gate,Low,1,1.005509569821159,Low
R18562,2026-06-24,18,Main Gate,Medium,2,1.996127570977464,Medium
R10348,2026-06-24,20,Main Gate,Medium,2,1.1422205300990655,Low
R20578,2026-06-24,20,Main Gate,Low,1,1.209100671039222,Low
R14637,2026-06-24,21,Main Gate,Low,1,1.0,Low
R23694,2026-06-25,8,Main Gate,Low,1,1.899645391227538,Medium
R15476,2026-06-25,8,Main Gate,Medium,2,1.8451385590774978,Medium
R24209,2026-06-25,12,Main Gate,Low,1,1.0054086141939862,Low
R15000,2026-06-25,16,Main Gate,Low,1,1.1158380139130486,Low
R13431,2026-06-25,18,Main Gate,Low,1,1.860152408576282,Medium
R11591,2026-06-25,21,Main Gate,Low,1,1.005,Low
R23504,2026-06-26,3,Main Gate,Low,1,1.121183487301078,Low
R17552,2026-06-26,10,Main Gate,Medium,2,1.4474408789681934,Low
R16392,2026-06-26,12,Main Gate,Low,1,1.0043085078299283,Low
R14652,2026-06-26,14,Main Gate,Low,1,1.0016129995983385,Low
R16324,2026-06-26,18,Main Gate,Medium,2,2.002388382565538,Medium
R16426,2026-06-26,19,Main Gate,Medium,2,1.797364921988648,Medium
R17457,2026-06-26,21,Main Gate,Medium,2,1.0,Low
R18464,2026-06-26,21,Main Gate,Low,1,1.0061515151515152,Low
R25664,2026-06-27,6,Main Gate,Low,1,1.0,Low
R20808,2026-06-27,9,Main Gate,Low,1,1.158648670177994,Low
R27317,2026-06-27,12,Main Gate,Low,1,1.000041806020067,Low
R19152,2026-06-27,12,Main Gate,Low,1,1.000041806020067,Low
R20400,2026-06-27,12,Main Gate,Low,1,1.000041806020067,Low
R27190,2026-06-27,15,Main Gate,Low,1,1.0002000000000002,Low
R20389,2026-06-27,15,Main Gate,Low,1,1.000041806020067,Low
R27236,2026-06-27,17,Main Gate,Low,1,1.0926125720449733,Low
R18570,2026-06-27,20,Main Gate,Low,1,1.0,Low
R26344,2026-06-27,20,Main Gate,Low,1,1.0,Low
R16824,2026-06-28,8,Main Gate,Low,1,1.1920678318719118,Low
R22701,2026-06-28,9,Main Gate,Low,1,1.215827084233766,Low
R16587,2026-06-28,10,Main Gate,Low,1,1.0087362710751409,Low
R25071,2026-06-28,11,Main Gate,Low,1,1.0,Low
R16516,2026-06-28,11,Main Gate,Low,1,1.0,Low
R19749,2026-06-28,11,Main Gate,Low,1,1.0,Low
R16057,2026-06-28,12,Main Gate,Low,1,1.0,Low
R18270,2026-06-28,12,Main Gate,Low,1,1.0,Low
R27791,2026-06-28,13,Main Gate,Low,1,1.0,Low
R13512,2026-06-28,14,Main Gate,Low,1,1.0,Low
R27889,2026-06-28,18,Main Gate,Low,1,1.093589646248527,Low
R24304,2026-06-28,18,Main Gate,Low,1,1.3504974320691416,Low
R14176,2026-06-28,20,Main Gate,Low,1,1.0,Low
R23074,2026-06-29,0,Main Gate,Low,1,1.0017322425371227,Low
R28144,2026-06-29,5,Main Gate,Low,1,1.0002849544072947,Low
R25509,2026-06-29,10,Main Gate,Low,1,1.1414841463866023,Low
R21547,2026-06-29,15,Main Gate,Low,1,1.002276501488893,Low
R20776,2026-06-29,16,Main Gate,Low,1,1.1945789126134456,Low
R20179,2026-06-29,18,Main Gate,High,3,1.7751200625607289,Medium
R26697,2026-06-29,19,Main Gate,Medium,2,1.9311783792313426,Medium
R13059,2026-06-29,20,Main Gate,Low,1,1.161527817382091,Low
R21442,2026-06-29,22,Main Gate,Low,1,1.0002083333333334,Low
R27798,2026-06-30,6,Main Gate,Low,1,1.0003869952236213,Low
R26958,2026-06-30,7,Main Gate,Low,1,1.0878838810385805,Low
R11355,2026-06-30,9,Main Gate,Medium,2,1.7866537671193663,Medium
R28502,2026-06-30,14,Main Gate,Low,1,1.0016106143585513,Low
R26500,2026-06-30,14,Main Gate,Low,1,1.0005354212090296,Low
R28562,2026-06-30,15,Main Gate,Low,1,1.0008572399737776,Low
R15934,2026-06-30,15,Main Gate,Low,1,1.0006703990124182,Low
R16827,2026-06-30,16,Main Gate,Low,1,1.1363882187385201,Low
R13102,2026-06-30,17,Main Gate,Low,1,1.94584332774758,Medium
R25947,2026-06-30,19,Main Gate,Medium,2,1.9040001793122583,Medium
R26714,2026-05-26,2,Parking Area,Low,1,1.0005705169542072,Low
R16441,2026-05-26,8,Parking Area,Medium,2,1.921804981954653,Medium
R13379,2026-05-26,9,Parking Area,High,3,1.9989693844448826,Medium
R18691,2026-05-26,9,Parking Area,Medium,2,1.9475026495478687,Medium
R20663,2026-05-26,15,Parking Area,Low,1,1.0012409566860199,Low
R17665,2026-05-26,18,Parking Area,Medium,2,1.8945193115344958,Medium
R21808,2026-05-26,20,Parking Area,Low,1,1.1028332633490128,Low
R10557,2026-05-27,11,Parking Area,Low,1,1.0028373812571652,Low
R16302,2026-05-27,17,Parking Area,Medium,2,1.794737929785675,Medium
R18891,2026-05-27,18,Parking Area,High,3,1.8792378990977077,Medium
R13548,2026-05-27,19,Parking Area,Low,1,1.9674343032321056,Medium
R10655,2026-05-27,19,Parking Area,Medium,2,1.7521086618975104,Medium
R15470,2026-05-27,19,Parking Area,Medium,2,1.9259185262958285,Medium
R27877,2026-05-27,20,Parking Area,Low,1,1.1872727199814295,Low
R10221,2026-05-28,8,Parking Area,Low,1,2.082049476492471,Medium
R11800,2026-05-28,12,Parking Area,Low,1,1.0014834573947675,Low
R16998,2026-05-28,16,Parking Area,Low,1,1.0935651458586917,Low
R14987,2026-05-28,17,Parking Area,Low,1,1.8581435494615284,Medium
R18538,2026-05-28,20,Parking Area,Low,1,1.0719135648069587,Low
R25994,2026-05-29,8,Parking Area,Low,1,1.8135740897784598,Medium
R12719,2026-05-29,8,Parking Area,Medium,2,1.8235335096162795,Medium
R27195,2026-05-29,10,Parking Area,Low,1,1.1098175893175672,Low
R15371,2026-05-29,10,Parking Area,Low,1,1.0702287994578352,Low
R19679,2026-05-29,11,Parking Area,Low,1,1.009173718227544,Low
R15211,2026-05-29,11,Parking Area,Low,1,1.0014949489996174,Low
R27818,2026-05-29,15,Parking Area,Low,1,1.0154972729772749,Low
R23599,2026-05-29,15,Parking Area,Low,1,1.0022018080282402,Low
R16362,2026-05-29,19,Parking Area,Low,1,1.8916797847995814,Medium
R22374,2026-05-29,19,Parking Area,High,3,1.9185299186200484,Medium
R12477,2026-05-29,19,Parking Area,Medium,2,1.8279864057035689,Medium
R28567,2026-05-30,13,Parking Area,Low,1,1.0,Low
R27954,2026-05-30,15,Parking Area,Low,1,1.0,Low
R14986,2026-05-30,15,Parking Area,Low,1,1.0,Low
R11876,2026-05-30,16,Parking Area,Low,1,1.0,Low
R26205,2026-05-30,18,Parking Area,Low,1,1.0934158573567059,Low
R21043,2026-05-30,19,Parking Area,Low,1,1.2351215288815596,Low
R15253,2026-05-31,8,Parking Area,Low,1,1.1855945088738573,Low
R15654,2026-05-31,10,Parking Area,Low,1,1.0153846153846153,Low
R29916,2026-05-31,15,Parking Area,Low,1,1.0,Low
R13112,2026-05-31,18,Parking Area,Low,1,1.1700836346328551,Low
R23727,2026-05-31,19,Parking Area,Low,1,1.1625110665915641,Low
R24524,2026-05-31,20,Parking Area,Low,1,1.0,Low
R26534,2026-06-01,6,Parking Area,Low,1,1.0,Low
R15085,2026-06-01,8,Parking Area,Low,1,1.8271795597571083,Medium
R13374,2026-06-01,8,Parking Area,Low,1,1.9338011294495039,Medium
R11899,2026-06-01,12,Parking Area,Low,1,1.0007302842693315,Low
R22914,2026-06-01,15,Parking Area,Low,1,1.0032125720491234,Low
R23819,2026-06-01,16,Parking Area,Low,1,1.14903616663375,Low
R15185,2026-06-01,17,Parking Area,Medium,2,1.7911893607779956,Medium
R11176,2026-06-01,19,Parking Area,Medium,2,1.7934980236240747,Medium
R17691,2026-06-02,17,Parking Area,Low,1,1.8296235626093666,Medium
R18657,2026-06-02,17,Parking Area,Medium,2,1.8850892593172746,Medium
R10386,2026-06-02,20,Parking Area,Low,1,1.1175898766712913,Low
R12715,2026-06-03,8,Parking Area,High,3,1.988320229245081,Medium
R25318,2026-06-03,9,Parking Area,Medium,2,2.1048094180732484,Medium
R21106,2026-06-03,12,Parking Area,Low,1,1.00071932602228,Low
R15774,2026-06-03,14,Parking Area,Low,1,1.0020532310725732,Low
R11850,2026-06-03,15,Parking Area,Low,1,1.001480076861648,Low
R28885,2026-06-03,16,Parking Area,Low,1,1.1197486061304673,Low
R26831,2026-06-03,16,Parking Area,Low,1,1.1209014329220137,Low
R19977,2026-06-03,17,Parking Area,Medium,2,1.7110934607423574,Medium
R29877,2026-06-03,17,Parking Area,Medium,2,1.6353906160711367,Medium
R20362,2026-06-03,19,Parking Area,Low,1,1.8074327918540924,Medium
R14447,2026-06-03,19,Parking Area,Medium,2,1.8815129147855305,Medium
R12118,2026-06-03,22,Parking Area,Low,1,1.0,Low
R11624,2026-06-04,7,Parking Area,Low,1,1.0868902803692806,Low
R22050,2026-06-04,12,Parking Area,Low,1,1.009629617716175,Low
R21339,2026-06-04,17,Parking Area,Medium,2,1.780780618563539,Medium
R17982,2026-06-04,18,Parking Area,Low,1,2.0182440921311557,Medium
R29033,2026-06-04,19,Parking Area,Low,1,1.921464324795074,Medium
R11067,2026-06-04,19,Parking Area,Medium,2,1.9085175123262428,Medium
R21554,2026-06-04,20,Parking Area,Low,1,1.1573477578371538,Low
R14439,2026-06-05,7,Parking Area,Low,1,1.08899493525201,Low
R13409,2026-06-05,8,Parking Area,Medium,2,1.9644325754810674,Medium
R27269,2026-06-05,8,Parking Area,Medium,2,1.8045565065046338,Medium
R26657,2026-06-05,13,Parking Area,Low,1,1.0034063397084692,Low
R25927,2026-06-05,18,Parking Area,Medium,2,1.8656206240556585,Medium
R17345,2026-06-05,18,Parking Area,Low,1,1.9362815012512524,Medium
R25221,2026-06-05,19,Parking Area,Medium,2,1.87608202676302,Medium
R23412,2026-06-05,20,Parking Area,Low,1,1.0599399795135787,Low
R18368,2026-06-05,22,Parking Area,Low,1,1.0,Low
R29405,2026-06-06,7,Parking Area,Low,1,1.0,Low
R24849,2026-06-06,7,Parking Area,Low,1,1.0,Low
R21639,2026-06-06,10,Parking Area,Low,1,1.0100892015721017,Low
R10524,2026-06-06,12,Parking Area,Low,1,1.0,Low
R26375,2026-06-06,15,Parking Area,Low,1,1.0,Low
R14655,2026-06-06,17,Parking Area,Low,1,1.1847100064537033,Low
R21876,2026-06-06,18,Parking Area,Low,1,1.2678676024255682,Low
R27483,2026-06-07,7,Parking Area,Low,1,1.0,Low
R22430,2026-06-07,7,Parking Area,Low,1,1.0,Low
R12829,2026-06-07,7,Parking Area,Low,1,1.0,Low
R13022,2026-06-07,9,Parking Area,Low,1,1.078052333522937,Low
R16802,2026-06-07,13,Parking Area,Low,1,1.0,Low
R14407,2026-06-07,14,Parking Area,Low,1,1.0,Low
R20120,2026-06-07,17,Parking Area,Low,1,1.2164240676682037,Low
R20454,2026-06-07,17,Parking Area,Low,1,1.1415753723687938,Low
R24749,2026-06-07,22,Parking Area,Low,1,1.0,Low
R27906,2026-06-08,9,Parking Area,Medium,2,1.9643713342749525,Medium
R11079,2026-06-08,10,Parking Area,Low,1,1.0990304473010506,Low
R13936,2026-06-08,22,Parking Area,Low,1,1.0007638888888888,Low
R29687,2026-06-09,4,Parking Area,Low,1,1.010314119842422,Low
R21136,2026-06-09,10,Parking Area,Low,1,1.1336567672938624,Low
R29290,2026-06-09,10,Parking Area,Low,1,1.1086627532725286,Low
R19330,2026-06-10,5,Parking Area,Low,1,1.0,Low
R18894,2026-06-10,7,Parking Area,Low,1,1.1098360295910192,Low
R12998,2026-06-10,10,Parking Area,Medium,2,1.2546555415592267,Low
R10492,2026-06-10,10,Parking Area,Low,1,1.118038747593335,Low
R20632,2026-06-10,12,Parking Area,Low,1,1.0037377745099372,Low
R24128,2026-06-10,13,Parking Area,Low,1,1.0053534470836392,Low
R13768,2026-06-10,14,Parking Area,Low,1,1.0034239889948757,Low
R23222,2026-06-10,15,Parking Area,Low,1,1.0032412963507042,Low
R14474,2026-06-10,18,Parking Area,Medium,2,1.761776982213472,Medium
R29939,2026-06-11,9,Parking Area,Low,1,1.8310717489939154,Medium
R14191,2026-06-11,11,Parking Area,Low,1,1.0006567114132898,Low
R12432,2026-06-11,13,Parking Area,Low,1,1.0027632569188292,Low
R22922,2026-06-11,14,Parking Area,Low,1,1.001887380882508,Low
R21756,2026-06-11,21,Parking Area,Low,1,1.0,Low
R27732,2026-06-12,9,Parking Area,Medium,2,1.8224768819443016,Medium
R15473,2026-06-12,9,Parking Area,Medium,2,1.9063492837325433,Medium
R10585,2026-06-12,9,Parking Area,Medium,2,1.7523190788905096,Medium
R15005,2026-06-12,15,Parking Area,Low,1,1.00621088910648,Low
R14846,2026-06-12,17,Parking Area,Medium,2,1.864838698235508,Medium
R24297,2026-06-12,19,Parking Area,Medium,2,1.715092130767224,Medium
R14416,2026-06-13,0,Parking Area,Low,1,1.015,Low
R15284,2026-06-13,9,Parking Area,Low,1,1.1332960157906324,Low
R19323,2026-06-13,11,Parking Area,Low,1,1.0,Low
R27720,2026-06-13,17,Parking Area,Low,1,1.1095706959589484,Low
R24722,2026-06-13,17,Parking Area,Low,1,1.0843230774836714,Low
R25756,2026-06-13,18,Parking Area,Low,1,1.1082589898740682,Low
R23802,2026-06-13,18,Parking Area,Low,1,1.0776116646087046,Low
R29759,2026-06-13,20,Parking Area,Low,1,1.0,Low
R17495,2026-06-14,8,Parking Area,Low,1,1.1946923643940255,Low
R29985,2026-06-14,9,Parking Area,Low,1,1.1566249016546273,Low
R25279,2026-06-14,11,Parking Area,Low,1,1.0,Low
R18516,2026-06-14,11,Parking Area,Low,1,1.0,Low
R12803,2026-06-14,15,Parking Area,Low,1,1.0,Low
R13519,2026-06-14,15,Parking Area,Low,1,1.0,Low
R14124,2026-06-14,19,Parking Area,Low,1,1.1399063824893545,Low
R14928,2026-06-15,10,Parking Area,Low,1,1.1608538875179428,Low
R28780,2026-06-15,10,Parking Area,Low,1,1.1682655636219044,Low
R22964,2026-06-15,11,Parking Area,Low,1,1.0007406137672394,Low
R20488,2026-06-15,16,Parking Area,Medium,2,1.2331198176208074,Low
R23270,2026-06-15,17,Parking Area,Medium,2,1.7848546439006683,Medium
R17862,2026-06-15,17,Parking Area,Medium,2,1.7835790517831387,Medium
R13800,2026-06-15,19,Parking Area,Medium,2,1.7765663220793728,Medium
R28895,2026-06-15,20,Parking Area,Low,1,1.1252278110513974,Low
R15788,2026-06-15,20,Parking Area,Low,1,1.0936116493089605,Low
R17983,2026-06-15,22,Parking Area,Low,1,1.0007638888888888,Low
R13407,2026-06-16,8,Parking Area,Medium,2,1.8561911795009813,Medium
R26047,2026-06-16,8,Parking Area,Medium,2,1.988017698287107,Medium
R18746,2026-06-16,8,Parking Area,Medium,2,1.780143260045392,Medium
R26424,2026-06-16,9,Parking Area,Medium,2,1.902974448714674,Medium
R15109,2026-06-16,21,Parking Area,Low,1,1.0050746268656716,Low
R15905,2026-06-17,4,Parking Area,Low,1,1.000491042919345,Low
R11610,2026-06-17,10,Parking Area,Low,1,1.069245020625322,Low
R11212,2026-06-17,11,Parking Area,Low,1,1.0022895778188485,Low
R10980,2026-06-17,12,Parking Area,Low,1,1.031574509474673,Low
R13252,2026-06-17,13,Parking Area,Low,1,1.0096779264387215,Low
R15542,2026-06-17,13,Parking Area,Low,1,1.0057829907704763,Low
R20487,2026-06-17,16,Parking Area,Low,1,1.317036405275255,Low
R22779,2026-06-17,19,Parking Area,Low,1,1.8864251657376931,Medium
R14456,2026-06-17,20,Parking Area,Low,1,1.1537445469876986,Low
R21092,2026-06-18,7,Parking Area,Low,1,1.14703507829813,Low
R19610,2026-06-18,7,Parking Area,Low,1,1.103666772320118,Low
R16069,2026-06-18,8,Parking Area,Medium,2,1.8857934256678581,Medium
R27349,2026-06-18,8,Parking Area,Medium,2,1.9233520029637925,Medium
R18589,2026-06-18,10,Parking Area,Low,1,1.1311859568425806,Low
R18349,2026-06-18,10,Parking Area,Low,1,1.107280874846716,Low
R29367,2026-06-18,10,Parking Area,Low,1,1.0765766163889874,Low
R11616,2026-06-18,12,Parking Area,Low,1,1.0017341557320865,Low
R10282,2026-06-18,14,Parking Area,Low,1,1.0040937091846573,Low
R16905,2026-06-18,16,Parking Area,Low,1,1.2349496725798357,Low
R14692,2026-06-18,17,Parking Area,Low,1,1.7140046058292209,Medium
R23059,2026-06-18,18,Parking Area,Low,1,1.8054206259265757,Medium
R10903,2026-06-18,22,Parking Area,Low,1,1.0002083333333334,Low
R18052,2026-06-19,10,Parking Area,Low,1,1.1240346285290423,Low
R10824,2026-06-19,10,Parking Area,Low,1,1.130576967586962,Low
R17869,2026-06-19,14,Parking Area,Low,1,1.001367621710513,Low
R21802,2026-06-19,16,Parking Area,Medium,2,1.1904071025251852,Low
R15993,2026-06-19,17,Parking Area,Low,1,1.8026074538109498,Medium
R26962,2026-06-19,19,Parking Area,High,3,1.8562611879383564,Medium
R20350,2026-06-19,21,Parking Area,Low,1,1.07,Low
R15690,2026-06-20,2,Parking Area,Low,1,1.0,Low
R10494,2026-06-20,7,Parking Area,Low,1,1.0,Low
R15509,2026-06-20,7,Parking Area,Low,1,1.0,Low
R15247,2026-06-20,8,Parking Area,Low,1,1.0817906083278517,Low
R12357,2026-06-20,8,Parking Area,Low,1,1.100084629810454,Low
R17789,2026-06-20,8,Parking Area,Medium,2,1.129276657932491,Low
R19372,2026-06-20,10,Parking Area,Low,1,1.005,Low
R27129,2026-06-20,16,Parking Area,Low,1,1.0,Low
R14910,2026-06-20,17,Parking Area,Medium,2,1.1239436140889376,Low
R28195,2026-06-20,18,Parking Area,Medium,2,1.3215612648516386,Low
R22981,2026-06-20,19,Parking Area,Low,1,1.2113861621005726,Low
R18033,2026-06-20,20,Parking Area,Low,1,1.0,Low
R12133,2026-06-20,20,Parking Area,Low,1,1.0,Low
R28769,2026-06-21,13,Parking Area,Low,1,1.0,Low
R27506,2026-06-21,17,Parking Area,High,3,1.1802132443571154,Low
R15087,2026-06-21,18,Parking Area,Low,1,1.1377718141741409,Low
R24331,2026-06-22,1,Parking Area,Low,1,1.0062858518142386,Low
R20852,2026-06-22,8,Parking Area,Medium,2,1.929961557440736,Medium
R28632,2026-06-22,11,Parking Area,Low,1,1.0080683397089951,Low
R22700,2026-06-22,12,Parking Area,Low,1,1.010499590735308,Low
R16054,2026-06-22,13,Parking Area,Low,1,1.004135257627617,Low
R18495,2026-06-22,16,Parking Area,Low,1,1.21008824706767,Low
R12531,2026-06-22,17,Parking Area,Low,1,1.893045295789064,Medium
R11867,2026-06-22,17,Parking Area,Medium,2,1.853882884917659,Medium
R13229,2026-06-22,18,Parking Area,Medium,2,1.9994567948858026,Medium
R14064,2026-06-22,19,Parking Area,Low,1,1.940285812917249,Medium
R21291,2026-06-22,20,Parking Area,Low,1,1.1683796271155438,Low
R10625,2026-06-22,20,Parking Area,Low,1,1.2163863671202917,Low
R18577,2026-06-23,8,Parking Area,Medium,2,1.8783503092049347,Medium
R15633,2026-06-23,8,Parking Area,Medium,2,1.9654805273296754,Medium
R12821,2026-06-23,11,Parking Area,Low,1,1.0014249269057987,Low
R14705,2026-06-23,16,Parking Area,Medium,2,1.116424896213963,Low
R11694,2026-06-23,18,Parking Area,Medium,2,1.890355206613678,Medium
R29533,2026-06-23,18,Parking Area,Medium,2,1.8989994872814087,Medium
R21989,2026-06-23,20,Parking Area,Low,1,1.130789833669977,Low
R13063,2026-06-24,6,Parking Area,Low,1,1.01,Low
R24090,2026-06-24,9,Parking Area,Medium,2,1.9746665902315583,Medium
R24343,2026-06-24,10,Parking Area,Low,1,1.1151171975941352,Low
R20340,2026-06-24,16,Parking Area,Low,1,1.1833509975839143,Low
R12227,2026-06-24,16,Parking Area,Low,1,1.0958778241868674,Low
R27553,2026-06-24,19,Parking Area,Low,1,1.9441680215644885,Medium
R23746,2026-06-24,19,Parking Area,Medium,2,1.7517536494117332,Medium
R23158,2026-06-24,20,Parking Area,Low,1,1.1310121659606924,Low
R17767,2026-06-25,5,Parking Area,Low,1,1.0,Low
R18448,2026-06-25,10,Parking Area,Low,1,1.1245101258333394,Low
R16624,2026-06-25,10,Parking Area,Low,1,1.2603465145465824,Low
R26169,2026-06-25,15,Parking Area,Low,1,1.0007423581048949,Low
R25908,2026-06-25,20,Parking Area,Low,1,1.1156270951902436,Low
R11265,2026-06-25,23,Parking Area,Low,1,1.0153571428571428,Low
R19216,2026-06-26,8,Parking Area,Medium,2,1.889914307279101,Medium
R12166,2026-06-26,8,Parking Area,Low,1,1.8197325466559124,Medium
R17960,2026-06-26,9,Parking Area,Low,1,1.7833302529408288,Medium
R18363,2026-06-26,12,Parking Area,Low,1,1.0015262452711642,Low
R26892,2026-06-26,14,Parking Area,Low,1,1.001834344697654,Low
R29380,2026-06-26,16,Parking Area,Low,1,1.1208547747901891,Low
R29375,2026-06-26,20,Parking Area,Low,1,1.0963313113375934,Low
R23322,2026-06-27,6,Parking Area,Low,1,1.0,Low
R25026,2026-06-27,8,Parking Area,Low,1,1.0995064079335546,Low
R14471,2026-06-27,9,Parking Area,Low,1,1.1711230226693923,Low
R26433,2026-06-27,14,Parking Area,Low,1,1.0,Low
R13908,2026-06-27,14,Parking Area,Low,1,1.0,Low
R12574,2026-06-27,16,Parking Area,Low,1,1.0,Low
R12465,2026-06-27,16,Parking Area,Low,1,1.0,Low
R21840,2026-06-27,17,Parking Area,Medium,2,1.131495487699514,Low
R13946,2026-06-27,22,Parking Area,Low,1,1.0,Low
R11175,2026-06-28,11,Parking Area,Low,1,1.0,Low
R18031,2026-06-28,20,Parking Area,Low,1,1.0,Low
R21881,2026-06-29,7,Parking Area,Low,1,1.162404366498244,Low
R27934,2026-06-29,7,Parking Area,Low,1,1.1731267275666664,Low
R19846,2026-06-29,11,Parking Area,Low,1,1.0005694242962895,Low
R15666,2026-06-29,11,Parking Area,Low,1,1.0185671374279563,Low
R19834,2026-06-29,11,Parking Area,Low,1,1.002605958374936,Low
R23445,2026-06-29,13,Parking Area,Low,1,1.001807158060188,Low
R21369,2026-06-29,14,Parking Area,Low,1,1.001383785273531,Low
R16078,2026-06-30,12,Parking Area,Low,1,1.001616641256718,Low
R19100,2026-06-30,12,Parking Area,Low,1,1.0005442580031292,Low
R26673,2026-06-30,13,Parking Area,Low,1,1.0021760717928032,Low
R22775,2026-06-30,15,Parking Area,Low,1,1.0020980272320807,Low
R20527,2026-06-30,15,Parking Area,Low,1,1.0010814992074133,Low
R18321,2026-06-30,18,Parking Area,Medium,2,1.7361828922170628,Medium
R20569,2026-06-30,19,Parking Area,Medium,2,1.7614307436933367,Medium
R17018,2026-06-30,20,Parking Area,Medium,2,1.09513772407459,Low
R27337,2026-06-30,21,Parking Area,Low,1,1.0005555555555556,Low
R29131,2026-05-26,7,Sports Complex,Medium,2,1.110767885434374,Low
R16099,2026-05-26,8,Sports Complex,Low,1,2.047275187597449,Medium
R27215,2026-05-26,10,Sports Complex,Low,1,1.1227788766646607,Low
R26827,2026-05-26,11,Sports Complex,Low,1,1.0074201083896008,Low
R18482,2026-05-26,12,Sports Complex,Low,1,1.0044870308834064,Low
R22239,2026-05-26,12,Sports Complex,Low,1,1.0163189644859487,Low
R29765,2026-05-26,14,Sports Complex,Low,1,1.0123279644811367,Low
R18207,2026-05-26,14,Sports Complex,Low,1,1.0124828544366915,Low
R16137,2026-05-26,15,Sports Complex,Low,1,1.0049573170701316,Low
R27908,2026-05-26,17,Sports Complex,Medium,2,1.5935607208055453,Medium
R18390,2026-05-26,17,Sports Complex,Low,1,1.6966699626053192,Medium
R26495,2026-05-26,17,Sports Complex,Medium,2,1.8356108310654684,Medium
R10708,2026-05-26,17,Sports Complex,Medium,2,1.4860066876873725,Low
R22592,2026-05-26,18,Sports Complex,Low,1,1.8054686666542574,Medium
R19446,2026-05-26,18,Sports Complex,Medium,2,1.7414787650400672,Medium
R19544,2026-05-26,18,Sports Complex,Medium,2,1.5422262582571113,Medium
R24992,2026-05-26,19,Sports Complex,Medium,2,1.4724231108574395,Low
R27162,2026-05-26,22,Sports Complex,Low,1,1.0000746268656717,Low
R20713,2026-05-27,7,Sports Complex,Low,1,1.0467218587584968,Low
R23911,2026-05-27,9,Sports Complex,Medium,2,1.8944058389292826,Medium
R29245,2026-05-27,9,Sports Complex,High,3,1.9196717422896337,Medium
R14327,2026-05-27,13,Sports Complex,Low,1,1.0596010363218782,Low
R10225,2026-05-27,15,Sports Complex,Low,1,1.0053020906490244,Low
R22226,2026-05-27,20,Sports Complex,Medium,2,1.1088248485745495,Low
R10474,2026-05-27,20,Sports Complex,Medium,2,1.1313731089492256,Low
R11755,2026-05-28,9,Sports Complex,Low,1,2.067722550582597,Medium
R19727,2026-05-28,10,Sports Complex,Low,1,1.0724660738893492,Low
R24609,2026-05-28,10,Sports Complex,Low,1,1.054511197404941,Low
R15318,2026-05-28,10,Sports Complex,Low,1,1.093680242117494,Low
R15115,2026-05-28,11,Sports Complex,Low,1,1.0064065074991329,Low
R23901,2026-05-28,13,Sports Complex,Low,1,1.015041899303126,Low
R11102,2026-05-28,17,Sports Complex,Low,1,1.915062045435491,Medium
R12232,2026-05-29,6,Sports Complex,Low,1,1.0001190476190476,Low
R27463,2026-05-29,7,Sports Complex,Low,1,1.1405184278170153,Low
R20354,2026-05-29,8,Sports Complex,Medium,2,1.990510620761201,Medium
R23729,2026-05-29,9,Sports Complex,Medium,2,1.882296792166056,Medium
R29111,2026-05-29,9,Sports Complex,Medium,2,1.7891714101029779,Medium
R28023,2026-05-29,11,Sports Complex,Low,1,1.0024883732930896,Low
R25668,2026-05-29,12,Sports Complex,Low,1,1.0152027379268753,Low
R25008,2026-05-29,16,Sports Complex,Low,1,1.131892246121898,Low
R23381,2026-05-29,18,Sports Complex,Medium,2,1.561357848194772,Medium
R17207,2026-05-29,18,Sports Complex,Low,1,1.6777537851793116,Medium
R11184,2026-05-30,8,Sports Complex,Low,1,1.1346125019158964,Low
R15171,2026-05-30,10,Sports Complex,Low,1,1.0,Low
R12233,2026-05-30,15,Sports Complex,Low,1,1.000041806020067,Low
R28685,2026-05-31,0,Sports Complex,Low,1,1.0,Low
R23125,2026-05-31,7,Sports Complex,Low,1,1.0,Low
R17359,2026-05-31,9,Sports Complex,Low,1,1.099266912029056,Low
R28239,2026-05-31,11,Sports Complex,Low,1,1.0,Low
R22180,2026-05-31,11,Sports Complex,Low,1,1.0,Low
R10113,2026-05-31,16,Sports Complex,Low,1,1.0,Low
R27177,2026-05-31,18,Sports Complex,Low,1,1.0849361042048056,Low
R22129,2026-05-31,18,Sports Complex,Low,1,1.1139903033780763,Low
R17629,2026-06-01,8,Sports Complex,Low,1,1.8381210235737162,Medium
R21934,2026-06-01,10,Sports Complex,Low,1,1.086055707564026,Low
R29604,2026-06-01,10,Sports Complex,Low,1,1.0841590973697222,Low
R12893,2026-06-01,10,Sports Complex,Low,1,1.0869944794473199,Low
R22069,2026-06-01,12,Sports Complex,Low,1,1.050097059295258,Low
R21903,2026-06-01,16,Sports Complex,Low,1,1.1540234963390048,Low
R18305,2026-06-01,17,Sports Complex,Medium,2,1.841987092558732,Medium
R23119,2026-06-02,4,Sports Complex,Low,1,1.0174349186849188,Low
R10698,2026-06-02,5,Sports Complex,Low,1,1.005,Low
R18606,2026-06-02,6,Sports Complex,Low,1,1.005,Low
R28405,2026-06-02,7,Sports Complex,Medium,2,1.1141775634564646,Low
R14911,2026-06-02,8,Sports Complex,Low,1,1.8712854840902964,Medium
R14556,2026-06-02,9,Sports Complex,Medium,2,1.871854214069427,Medium
R26919,2026-06-02,10,Sports Complex,Low,1,1.1029824736873992,Low
R16041,2026-06-02,10,Sports Complex,Low,1,1.1073402498794358,Low
R29774,2026-06-02,10,Sports Complex,Low,1,1.3473964566606562,Low
R27777,2026-06-02,10,Sports Complex,Low,1,1.0954880934978886,Low
R29970,2026-06-02,13,Sports Complex,Low,1,1.0021246542737983,Low
R23244,2026-06-02,14,Sports Complex,Low,1,1.0049497849032198,Low
R24346,2026-06-02,15,Sports Complex,Low,1,1.0006549438298655,Low
R16670,2026-06-02,16,Sports Complex,Low,1,1.1965123416490038,Low
R26838,2026-06-02,17,Sports Complex,Low,1,1.8263311655843137,Medium
R29973,2026-06-02,18,Sports Complex,Medium,2,1.8352008948519807,Medium
R18213,2026-06-02,18,Sports Complex,Low,1,1.7478666554208209,Medium
R26416,2026-06-02,19,Sports Complex,Medium,2,1.7875070202992214,Medium
R22425,2026-06-02,20,Sports Complex,Low,1,1.1766527182267867,Low
R17835,2026-06-02,21,Sports Complex,Low,1,1.0,Low
R21976,2026-06-02,21,Sports Complex,Low,1,1.0,Low
R18632,2026-06-02,23,Sports Complex,Low,1,1.0,Low
R29300,2026-06-03,0,Sports Complex,Low,1,1.0095289775744158,Low
R23180,2026-06-03,6,Sports Complex,Low,1,1.0,Low
R26621,2026-06-03,8,Sports Complex,Medium,2,1.8933593793326327,Medium
R27983,2026-06-03,8,Sports Complex,Medium,2,1.92060363199638,Medium
R21367,2026-06-03,8,Sports Complex,Medium,2,1.890544069205025,Medium
R26749,2026-06-03,9,Sports Complex,Low,1,1.8483527661039958,Medium
R19328,2026-06-03,13,Sports Complex,Low,1,1.0074994522455636,Low
R18263,2026-06-03,14,Sports Complex,Low,1,1.0019947537349116,Low
R19455,2026-06-03,15,Sports Complex,Low,1,1.0014300264344294,Low
R14102,2026-06-03,16,Sports Complex,Low,1,1.1824324944635576,Low
R14394,2026-06-03,18,Sports Complex,Medium,2,1.8256716498600047,Medium
R22246,2026-06-03,19,Sports Complex,Medium,2,1.7797491416812468,Medium
R26131,2026-06-04,0,Sports Complex,Low,1,1.0592702361452362,Low
R23314,2026-06-04,7,Sports Complex,Low,1,1.0581844535558436,Low
R27153,2026-06-04,8,Sports Complex,High,3,1.9335598307424433,Medium
R16146,2026-06-04,11,Sports Complex,Low,1,1.0361687683804919,Low
R23813,2026-06-04,12,Sports Complex,Low,1,1.022683763000276,Low
R27116,2026-06-04,14,Sports Complex,Low,1,1.0181083622255231,Low
R20743,2026-06-04,18,Sports Complex,Medium,2,1.8466198859477665,Medium
R26509,2026-06-04,19,Sports Complex,Medium,2,1.854597108663238,Medium
R14307,2026-06-05,7,Sports Complex,Low,1,1.0609042748698974,Low
R26034,2026-06-05,8,Sports Complex,Medium,2,1.990298030359912,Medium
R19370,2026-06-05,12,Sports Complex,Low,1,1.1244417427637479,Low
R19786,2026-06-05,16,Sports Complex,Low,1,1.0887581437503686,Low
R17646,2026-06-05,16,Sports Complex,Low,1,1.0746076681120336,Low
R24969,2026-06-05,17,Sports Complex,Medium,2,1.8445663136300379,Medium
R21713,2026-06-05,18,Sports Complex,Medium,2,1.874929375034376,Medium
R17493,2026-06-05,22,Sports Complex,Low,1,1.0,Low
R27902,2026-06-06,6,Sports Complex,Low,1,1.0,Low
R15926,2026-06-06,8,Sports Complex,Low,1,1.0829221880196722,Low
R24776,2026-06-06,9,Sports Complex,Low,1,1.1062227702824685,Low
R18347,2026-06-06,11,Sports Complex,Low,1,1.000041806020067,Low
R25792,2026-06-06,12,Sports Complex,Low,1,1.000041806020067,Low
R14773,2026-06-06,13,Sports Complex,Low,1,1.0,Low
R29215,2026-06-06,16,Sports Complex,Low,1,1.0,Low
R22880,2026-06-06,17,Sports Complex,Low,1,1.099226189949235,Low
R17051,2026-06-06,20,Sports Complex,Low,1,1.0,Low
R13220,2026-06-06,23,Sports Complex,Low,1,1.0,Low
R29510,2026-06-07,8,Sports Complex,Low,1,1.1790863490227614,Low
R27440,2026-06-07,11,Sports Complex,Low,1,1.0,Low
R11488,2026-06-07,12,Sports Complex,Low,1,1.0,Low
R14592,2026-06-07,17,Sports Complex,Medium,2,1.1250738924314354,Low
R14991,2026-06-07,17,Sports Complex,Low,1,1.1530751942447433,Low
R22740,2026-06-07,18,Sports Complex,Low,1,1.1212409074377632,Low
R25759,2026-06-07,20,Sports Complex,Low,1,1.0,Low
R17688,2026-06-07,23,Sports Complex,Low,1,1.0,Low
R19738,2026-06-08,4,Sports Complex,Low,1,1.02,Low
R17463,2026-06-08,9,Sports Complex,Low,1,2.059077521687513,Medium
R19132,2026-06-08,9,Sports Complex,Medium,2,1.8616134167280702,Medium
R10239,2026-06-08,17,Sports Complex,Medium,2,1.8654035938197249,Medium
R13886,2026-06-09,9,Sports Complex,High,3,1.9436853753173282,Medium
R14048,2026-06-09,11,Sports Complex,Low,1,1.0184447257073277,Low
R20079,2026-06-09,11,Sports Complex,Low,1,1.0080715129504776,Low
R24399,2026-06-09,11,Sports Complex,Low,1,1.0070983153071729,Low
R25371,2026-06-09,11,Sports Complex,Low,1,1.0090883608634404,Low
R10334,2026-06-09,12,Sports Complex,Low,1,1.0074922193389622,Low
R24113,2026-06-09,14,Sports Complex,Low,1,1.0114496367512689,Low
R12858,2026-06-09,20,Sports Complex,Low,1,1.0926399081687566,Low
R10204,2026-06-09,20,Sports Complex,Low,1,1.0902446882073278,Low
R18624,2026-06-09,22,Sports Complex,Low,1,1.0,Low
R20364,2026-06-10,0,Sports Complex,Low,1,1.0217187266756231,Low
R20948,2026-06-10,6,Sports Complex,Low,1,1.0,Low
R13195,2026-06-10,7,Sports Complex,Low,1,1.2852581172601472,Low
R13405,2026-06-10,8,Sports Complex,Medium,2,1.887341423070569,Medium
R22794,2026-06-10,10,Sports Complex,Low,1,1.1039439568970375,Low
R20674,2026-06-10,10,Sports Complex,Low,1,1.1037568516501701,Low
R20683,2026-06-10,10,Sports Complex,Low,1,1.1161673154857628,Low
R17547,2026-06-10,11,Sports Complex,Low,1,1.0014647485761046,Low
R22056,2026-06-10,15,Sports Complex,Low,1,1.0619707602733772,Low
R10718,2026-06-10,16,Sports Complex,Low,1,1.1681912833500843,Low
R27988,2026-06-10,17,Sports Complex,Medium,2,1.8838458573608354,Medium
R29678,2026-06-10,18,Sports Complex,Medium,2,1.8258832213812075,Medium
R12885,2026-06-10,19,Sports Complex,Medium,2,1.7793035559312023,Medium
R15448,2026-06-11,10,Sports Complex,Low,1,1.1488985720789873,Low
R28908,2026-06-11,10,Sports Complex,Low,1,1.1409956450633087,Low
R13024,2026-06-11,10,Sports Complex,Low,1,1.14144135336719,Low
R20649,2026-06-11,10,Sports Complex,Low,1,1.2151046867254407,Low
R26388,2026-06-11,12,Sports Complex,Low,1,1.0032388710242477,Low
R19173,2026-06-11,14,Sports Complex,Low,1,1.000940353020263,Low
R13657,2026-06-11,15,Sports Complex,Low,1,1.001161709086039,Low
R19153,2026-06-11,16,Sports Complex,Low,1,1.1801615858840018,Low
R12699,2026-06-11,17,Sports Complex,Low,1,1.8250910866016041,Medium
R25338,2026-06-11,21,Sports Complex,Low,1,1.0,Low
R29872,2026-06-12,7,Sports Complex,Low,1,1.1405184278170153,Low
R15469,2026-06-12,8,Sports Complex,Low,1,1.8310911549048037,Medium
R19495,2026-06-12,12,Sports Complex,Low,1,1.0022359460594485,Low
R13420,2026-06-12,12,Sports Complex,Low,1,1.0022359460594485,Low
R27477,2026-06-12,14,Sports Complex,Low,1,1.0086872499622463,Low
R18457,2026-06-12,18,Sports Complex,Medium,2,1.7652437610441996,Medium
R13364,2026-06-12,18,Sports Complex,Medium,2,1.6927971820912375,Medium
R13325,2026-06-13,5,Sports Complex,Low,1,1.0001785714285714,Low
R18682,2026-06-13,6,Sports Complex,Low,1,1.0,Low
R17932,2026-06-13,7,Sports Complex,Low,1,1.0,Low
R21931,2026-06-13,7,Sports Complex,Low,1,1.0,Low
R23951,2026-06-13,10,Sports Complex,Low,1,1.0002380952380951,Low
R21019,2026-06-13,11,Sports Complex,Low,1,1.0,Low
R20327,2026-06-13,11,Sports Complex,Low,1,1.0,Low
R24088,2026-06-13,12,Sports Complex,Low,1,1.0,Low
R24828,2026-06-13,14,Sports Complex,Low,1,1.0,Low
R21163,2026-06-13,15,Sports Complex,Low,1,1.0,Low
R20394,2026-06-13,16,Sports Complex,Low,1,1.0,Low
R21298,2026-06-13,18,Sports Complex,Low,1,1.149057760704426,Low
R20969,2026-06-14,0,Sports Complex,Low,1,1.0,Low
R15671,2026-06-14,9,Sports Complex,Low,1,1.1552638249644138,Low
R22439,2026-06-14,9,Sports Complex,Low,1,1.065377239477316,Low
R23968,2026-06-14,9,Sports Complex,Low,1,1.1052712354162624,Low
R23920,2026-06-14,10,Sports Complex,Low,1,1.0,Low
R17355,2026-06-14,12,Sports Complex,Low,1,1.0,Low
R22353,2026-06-14,13,Sports Complex,Low,1,1.0,Low
R18715,2026-06-14,18,Sports Complex,Low,1,1.096739171221031,Low
R25000,2026-06-14,19,Sports Complex,Low,1,1.0637942570110368,Low
R11779,2026-06-15,0,Sports Complex,Low,1,1.0257879907448872,Low
R11725,2026-06-15,7,Sports Complex,Low,1,1.147338386465802,Low
R14813,2026-06-15,9,Sports Complex,Low,1,1.8999946577825997,Medium
R19066,2026-06-15,11,Sports Complex,Low,1,1.0768145231337234,Low
R24716,2026-06-15,12,Sports Complex,Low,1,1.0051499159040378,Low
R19098,2026-06-15,14,Sports Complex,Low,1,1.001271938067274,Low
R16585,2026-06-15,16,Sports Complex,Low,1,1.3033067018441753,Low
R22714,2026-06-15,17,Sports Complex,Medium,2,1.8085120930144416,Medium
R15150,2026-06-15,18,Sports Complex,Medium,2,1.7797837377641201,Medium
R14219,2026-06-16,8,Sports Complex,Low,1,1.9483860810429883,Medium
R29139,2026-06-16,11,Sports Complex,Low,1,1.0003043854554166,Low
R17450,2026-06-16,12,Sports Complex,Low,1,1.0009549180648631,Low
R14625,2026-06-16,12,Sports Complex,Low,1,1.0008615817306257,Low
R23349,2026-06-16,13,Sports Complex,Low,1,1.00705080164959,Low
R17671,2026-06-16,13,Sports Complex,Medium,2,1.002367834327705,Low
R21122,2026-06-16,17,Sports Complex,Medium,2,1.8391783444376053,Medium
R10595,2026-06-17,7,Sports Complex,Low,1,1.145546300691396,Low
R15252,2026-06-17,8,Sports Complex,Medium,2,1.9682262585919414,Medium
R22048,2026-06-17,8,Sports Complex,Medium,2,1.9234940466175745,Medium
R12604,2026-06-17,11,Sports Complex,Low,1,1.0018416895131288,Low
R13299,2026-06-17,11,Sports Complex,Low,1,1.0028689010964598,Low
R13329,2026-06-17,15,Sports Complex,Low,1,1.0009286849151056,Low
R17087,2026-06-17,15,Sports Complex,Low,1,1.001161709086039,Low
R18152,2026-06-18,10,Sports Complex,Low,1,1.1516871363199597,Low
R24816,2026-06-18,14,Sports Complex,Low,1,1.0013345225092156,Low
R14942,2026-06-18,16,Sports Complex,Low,1,1.1469281598506083,Low
R29091,2026-06-18,17,Sports Complex,Medium,2,1.789261102434254,Medium
R25292,2026-06-18,17,Sports Complex,Medium,2,1.71982530812212,Medium
R17430,2026-06-18,17,Sports Complex,Medium,2,1.832113786610301,Medium
R26232,2026-06-18,18,Sports Complex,Low,1,1.8663292543545578,Medium
R26585,2026-06-18,19,Sports Complex,Medium,2,1.715490434454921,Medium
R12068,2026-06-18,22,Sports Complex,Low,1,1.0,Low
R14617,2026-06-19,7,Sports Complex,Low,1,1.2152345063983878,Low
R23756,2026-06-19,8,Sports Complex,Medium,2,2.0371779692297864,Medium
R17434,2026-06-19,13,Sports Complex,Low,1,1.031803063526882,Low
R17173,2026-06-19,16,Sports Complex,Low,1,1.1339823724809903,Low
R19625,2026-06-19,17,Sports Complex,Low,1,1.8787434670234198,Medium
R27081,2026-06-20,6,Sports Complex,Low,1,1.0,Low
R28934,2026-06-20,7,Sports Complex,Low,1,1.0,Low
R16953,2026-06-20,9,Sports Complex,Low,1,1.15838030187488,Low
R13592,2026-06-20,12,Sports Complex,Low,1,1.0,Low
R20483,2026-06-20,15,Sports Complex,Low,1,1.0,Low
R20604,2026-06-20,15,Sports Complex,Low,1,1.0,Low
R21865,2026-06-20,18,Sports Complex,Medium,2,1.2364473831066929,Low
R14028,2026-06-20,19,Sports Complex,Low,1,1.0889750865301877,Low
R21237,2026-06-21,7,Sports Complex,Low,1,1.0,Low
R22131,2026-06-21,8,Sports Complex,Low,1,1.0522753706670465,Low
R22488,2026-06-21,8,Sports Complex,Low,1,1.2206997465920584,Low
R25808,2026-06-21,8,Sports Complex,Low,1,1.0999678369987718,Low
R21066,2026-06-21,8,Sports Complex,Low,1,1.1294874289218573,Low
R19838,2026-06-21,10,Sports Complex,Low,1,1.0,Low
R16176,2026-06-21,10,Sports Complex,Low,1,1.0,Low
R20481,2026-06-21,11,Sports Complex,Low,1,1.0,Low
R27814,2026-06-21,12,Sports Complex,Low,1,1.0,Low
R10175,2026-06-21,13,Sports Complex,Low,1,1.0,Low
R21178,2026-06-21,17,Sports Complex,Low,1,1.0632062378911997,Low
R10056,2026-06-21,22,Sports Complex,Low,1,1.0,Low
R16341,2026-06-22,1,Sports Complex,Low,1,1.0209114475350107,Low
R17812,2026-06-22,7,Sports Complex,Low,1,1.1539288275950828,Low
R22749,2026-06-22,8,Sports Complex,Medium,2,1.9013197211894257,Medium
R25721,2026-06-22,9,Sports Complex,Medium,2,1.889443099220934,Medium
R23008,2026-06-22,14,Sports Complex,Low,1,1.0092205274981807,Low
R14042,2026-06-22,17,Sports Complex,Low,1,1.7780628589286644,Medium
R21255,2026-06-22,18,Sports Complex,Medium,2,1.8865049932286937,Medium
R26785,2026-06-23,8,Sports Complex,Medium,2,2.016504442179955,Medium
R27149,2026-06-23,18,Sports Complex,Medium,2,1.846137473308118,Medium
R16111,2026-06-23,20,Sports Complex,Low,1,1.1443637098504686,Low
R18670,2026-06-24,7,Sports Complex,Low,1,1.048713415276629,Low
R22946,2026-06-24,8,Sports Complex,Medium,2,1.9543048404973815,Medium
R15999,2026-06-24,10,Sports Complex,Low,1,1.06499453594854,Low
R23770,2026-06-24,14,Sports Complex,Low,1,1.050449985664851,Low
R27503,2026-06-24,17,Sports Complex,Low,1,1.9305330031305468,Medium
R11708,2026-06-24,18,Sports Complex,Medium,2,2.0310877054157053,Medium
R21141,2026-06-24,19,Sports Complex,Low,1,1.940393712943951,Medium
R11678,2026-06-24,21,Sports Complex,Low,1,1.0,Low
R10461,2026-06-25,8,Sports Complex,Medium,2,1.8996727039560082,Medium
R14853,2026-06-25,9,Sports Complex,Medium,2,1.858900193410192,Medium
R16284,2026-06-25,11,Sports Complex,Low,1,1.163080558558146,Low
R26807,2026-06-25,13,Sports Complex,Low,1,1.0033696845487974,Low
R18174,2026-06-25,16,Sports Complex,Low,1,1.2209858068305388,Low
R21035,2026-06-25,16,Sports Complex,Low,1,1.1675514777650513,Low
R16952,2026-06-25,17,Sports Complex,Medium,2,1.7711189343100944,Medium
R16589,2026-06-25,17,Sports Complex,Medium,2,1.9170012228932316,Medium
R12983,2026-06-25,17,Sports Complex,Low,1,1.922415437982751,Medium
R22324,2026-06-25,17,Sports Complex,Medium,2,1.906018179869692,Medium
R11901,2026-06-26,0,Sports Complex,Low,1,1.1296476596476597,Low
R15019,2026-06-26,16,Sports Complex,Low,1,1.1078187573473397,Low
R24687,2026-06-26,19,Sports Complex,Medium,2,1.8522432886189248,Medium
R17432,2026-06-27,10,Sports Complex,Low,1,1.0,Low
R21356,2026-06-27,14,Sports Complex,Low,1,1.0,Low
R27980,2026-06-27,17,Sports Complex,Low,1,1.0881342696721699,Low
R29371,2026-06-27,17,Sports Complex,Low,1,1.0792357778135742,Low
R10488,2026-06-27,18,Sports Complex,Low,1,1.0787949826768481,Low
R25155,2026-06-27,20,Sports Complex,Low,1,1.0,Low
R28162,2026-06-27,21,Sports Complex,Low,1,1.0,Low
R22640,2026-06-27,22,Sports Complex,Low,1,1.0,Low
R10778,2026-06-28,15,Sports Complex,Low,1,1.0,Low
R16224,2026-06-28,17,Sports Complex,Low,1,1.1191687207860173,Low
R28479,2026-06-29,7,Sports Complex,Low,1,1.116020505498781,Low
R27348,2026-06-29,8,Sports Complex,Medium,2,1.9491469087173872,Medium
R28706,2026-06-29,9,Sports Complex,Low,1,1.8860224780710808,Medium
R18317,2026-06-29,10,Sports Complex,Low,1,1.1320473150064925,Low
R12962,2026-06-29,11,Sports Complex,Low,1,1.0027256666835087,Low
R21684,2026-06-29,14,Sports Complex,Low,1,1.0015301924418731,Low
R27146,2026-06-29,15,Sports Complex,Low,1,1.004649099537551,Low
R20261,2026-06-29,18,Sports Complex,Medium,2,1.906862265734091,Medium
R21198,2026-06-29,18,Sports Complex,Low,1,1.824996608396041,Medium
R18531,2026-06-29,20,Sports Complex,Low,1,1.1309370952804594,Low
R17785,2026-06-29,20,Sports Complex,Low,1,1.1288177631637502,Low
R16919,2026-06-29,22,Sports Complex,Low,1,1.0002083333333334,Low
R10913,2026-06-30,6,Sports Complex,Low,1,1.0,Low
R23297,2026-06-30,7,Sports Complex,Low,1,1.132552285636734,Low
R10330,2026-06-30,10,Sports Complex,Medium,2,1.103431024915164,Low
R27549,2026-06-30,12,Sports Complex,Low,1,1.1102764672270695,Low
R18150,2026-06-30,12,Sports Complex,Low,1,1.0238030141501617,Low
R18144,2026-06-30,13,Sports Complex,Low,1,1.0027272322127478,Low
R18616,2026-06-30,13,Sports Complex,Low,1,1.0072875734493654,Low
R15736,2026-06-30,18,Sports Complex,Medium,2,1.8366651852712932,Medium
R13154,2026-06-30,21,Sports Complex,Low,1,1.0,Low
